country,year,gender,age,pct_year_t_log_inc,avg_pct_year_t_1_log_inc,avg_pct_year_t_5_log_inc
ITA,1987,All genders,25-55,2.5,1.874696,8.867425
ITA,1987,All genders,25-55,5.0,4.7349091,12.39102
ITA,1987,All genders,25-55,7.5,7.7192469,15.5537
ITA,1987,All genders,25-55,10.0,10.51966,17.626869
ITA,1987,All genders,25-55,12.5,13.17163,19.53665
ITA,1987,All genders,25-55,15.0,15.57082,20.87923
ITA,1987,All genders,25-55,17.5,18.08605,22.682409
ITA,1987,All genders,25-55,20.0,20.40765,24.68257
ITA,1987,All genders,25-55,22.5,22.85405,26.11837
ITA,1987,All genders,25-55,25.0,25.1049,27.631941
ITA,1987,All genders,25-55,27.5,27.467039,29.939289
ITA,1987,All genders,25-55,30.0,29.782379,31.178101
ITA,1987,All genders,25-55,32.5,31.94059,32.85096
ITA,1987,All genders,25-55,35.0,34.225208,35.156528
ITA,1987,All genders,25-55,37.5,36.502602,36.906818
ITA,1987,All genders,25-55,40.0,39.010792,38.848469
ITA,1987,All genders,25-55,42.5,41.10009,40.695969
ITA,1987,All genders,25-55,45.0,43.369999,42.78027
ITA,1987,All genders,25-55,47.5,45.813931,44.971981
ITA,1987,All genders,25-55,50.0,48.192982,46.886532
ITA,1987,All genders,25-55,52.5,50.712879,48.881409
ITA,1987,All genders,25-55,55.0,52.970871,50.92268
ITA,1987,All genders,25-55,57.5,55.416142,53.057911
ITA,1987,All genders,25-55,60.0,57.823841,55.422031
ITA,1987,All genders,25-55,62.5,60.367161,57.349339
ITA,1987,All genders,25-55,65.0,62.738171,60.071621
ITA,1987,All genders,25-55,67.5,65.364098,62.252991
ITA,1987,All genders,25-55,70.0,67.579277,64.88768
ITA,1987,All genders,25-55,72.5,70.128792,67.119461
ITA,1987,All genders,25-55,75.0,72.693466,69.262917
ITA,1987,All genders,25-55,77.5,75.140587,72.031776
ITA,1987,All genders,25-55,80.0,77.670471,74.27491
ITA,1987,All genders,25-55,82.5,80.215042,76.454552
ITA,1987,All genders,25-55,85.0,82.72451,79.060097
ITA,1987,All genders,25-55,87.5,85.245293,81.593224
ITA,1987,All genders,25-55,90.0,87.942322,84.300011
ITA,1987,All genders,25-55,92.5,90.499428,87.19294
ITA,1987,All genders,25-55,95.0,93.206779,90.015312
ITA,1987,All genders,25-55,97.5,95.873756,93.285629
ITA,1987,All genders,25-55,99.0,97.942207,96.023003
ITA,1987,All genders,25-55,99.90000000000001,99.188904,97.592293
ITA,1987,All genders,25-55,100.0,99.784309,97.216454
ITA,1988,All genders,25-55,2.5,1.831579,8.5541134
ITA,1988,All genders,25-55,5.0,4.6831779,12.19928
ITA,1988,All genders,25-55,7.5,7.6581802,15.1569
ITA,1988,All genders,25-55,10.0,10.39851,17.057171
ITA,1988,All genders,25-55,12.5,13.05364,19.069019
ITA,1988,All genders,25-55,15.0,15.50405,20.91864
ITA,1988,All genders,25-55,17.5,17.929371,22.68051
ITA,1988,All genders,25-55,20.0,20.27194,24.966009
ITA,1988,All genders,25-55,22.5,22.843109,26.45208
ITA,1988,All genders,25-55,25.0,25.132469,28.312361
ITA,1988,All genders,25-55,27.5,27.41593,29.879709
ITA,1988,All genders,25-55,30.0,29.71641,31.59548
ITA,1988,All genders,25-55,32.5,31.865299,33.03841
ITA,1988,All genders,25-55,35.0,34.129459,35.00066
ITA,1988,All genders,25-55,37.5,36.613602,36.959332
ITA,1988,All genders,25-55,40.0,38.943539,38.827339
ITA,1988,All genders,25-55,42.5,41.265659,40.746681
ITA,1988,All genders,25-55,45.0,43.541821,42.891151
ITA,1988,All genders,25-55,47.5,45.864971,44.836712
ITA,1988,All genders,25-55,50.0,48.17831,46.87875
ITA,1988,All genders,25-55,52.5,50.64629,48.855869
ITA,1988,All genders,25-55,55.0,52.936829,51.12191
ITA,1988,All genders,25-55,57.5,55.405151,53.112789
ITA,1988,All genders,25-55,60.0,57.93821,55.165791
ITA,1988,All genders,25-55,62.5,60.269192,57.07357
ITA,1988,All genders,25-55,65.0,62.72065,59.914921
ITA,1988,All genders,25-55,67.5,65.316498,62.004669
ITA,1988,All genders,25-55,70.0,67.777573,64.947067
ITA,1988,All genders,25-55,72.5,70.164177,66.876251
ITA,1988,All genders,25-55,75.0,72.571533,69.340919
ITA,1988,All genders,25-55,77.5,75.278091,71.781708
ITA,1988,All genders,25-55,80.0,77.749649,74.231903
ITA,1988,All genders,25-55,82.5,80.168373,76.622993
ITA,1988,All genders,25-55,85.0,82.824028,79.233414
ITA,1988,All genders,25-55,87.5,85.396942,81.772469
ITA,1988,All genders,25-55,90.0,87.989449,84.524673
ITA,1988,All genders,25-55,92.5,90.568253,87.098007
ITA,1988,All genders,25-55,95.0,93.246788,90.383003
ITA,1988,All genders,25-55,97.5,95.916687,93.470978
ITA,1988,All genders,25-55,99.0,97.982384,96.079933
ITA,1988,All genders,25-55,99.90000000000001,99.237808,97.696358
ITA,1988,All genders,25-55,100.0,99.772118,97.842491
ITA,1989,All genders,25-55,2.5,1.84639,8.2530069
ITA,1989,All genders,25-55,5.0,4.7673178,12.14469
ITA,1989,All genders,25-55,7.5,7.729465,14.68396
ITA,1989,All genders,25-55,10.0,10.44339,17.08626
ITA,1989,All genders,25-55,12.5,13.18634,18.879999
ITA,1989,All genders,25-55,15.0,15.62826,21.000231
ITA,1989,All genders,25-55,17.5,18.057409,22.9454
ITA,1989,All genders,25-55,20.0,20.44467,24.648211
ITA,1989,All genders,25-55,22.5,22.85664,26.726749
ITA,1989,All genders,25-55,25.0,25.133459,28.439421
ITA,1989,All genders,25-55,27.5,27.216221,29.94812
ITA,1989,All genders,25-55,30.0,29.67174,31.643511
ITA,1989,All genders,25-55,32.5,31.82465,33.125641
ITA,1989,All genders,25-55,35.0,34.16119,35.018398
ITA,1989,All genders,25-55,37.5,36.685699,36.786839
ITA,1989,All genders,25-55,40.0,38.76247,38.478828
ITA,1989,All genders,25-55,42.5,41.03788,41.0471
ITA,1989,All genders,25-55,45.0,43.41951,42.52755
ITA,1989,All genders,25-55,47.5,45.9114,44.70113
ITA,1989,All genders,25-55,50.0,48.14637,46.4632
ITA,1989,All genders,25-55,52.5,50.57465,49.06374
ITA,1989,All genders,25-55,55.0,53.038361,50.635349
ITA,1989,All genders,25-55,57.5,55.320759,53.369808
ITA,1989,All genders,25-55,60.0,57.86924,55.181911
ITA,1989,All genders,25-55,62.5,60.321899,57.59203
ITA,1989,All genders,25-55,65.0,62.815102,60.05825
ITA,1989,All genders,25-55,67.5,65.137657,62.150219
ITA,1989,All genders,25-55,70.0,67.74633,64.310944
ITA,1989,All genders,25-55,72.5,70.127151,66.912949
ITA,1989,All genders,25-55,75.0,72.755051,69.338707
ITA,1989,All genders,25-55,77.5,75.150879,71.881363
ITA,1989,All genders,25-55,80.0,77.790741,74.201469
ITA,1989,All genders,25-55,82.5,80.346153,77.052292
ITA,1989,All genders,25-55,85.0,82.824722,79.183197
ITA,1989,All genders,25-55,87.5,85.369728,81.978348
ITA,1989,All genders,25-55,90.0,87.912659,84.540047
ITA,1989,All genders,25-55,92.5,90.595573,87.315681
ITA,1989,All genders,25-55,95.0,93.284447,90.501556
ITA,1989,All genders,25-55,97.5,95.851486,93.630562
ITA,1989,All genders,25-55,99.0,97.961746,96.156067
ITA,1989,All genders,25-55,99.90000000000001,99.192932,97.849854
ITA,1989,All genders,25-55,100.0,99.419456,97.878853
ITA,1990,All genders,25-55,2.5,1.859399,7.9606638
ITA,1990,All genders,25-55,5.0,4.78932,11.60413
ITA,1990,All genders,25-55,7.5,7.8011231,14.4801
ITA,1990,All genders,25-55,10.0,10.68351,16.50544
ITA,1990,All genders,25-55,12.5,13.24712,18.818661
ITA,1990,All genders,25-55,15.0,15.63086,20.97937
ITA,1990,All genders,25-55,17.5,18.1987,22.58452
ITA,1990,All genders,25-55,20.0,20.57959,24.344469
ITA,1990,All genders,25-55,22.5,22.79376,26.54611
ITA,1990,All genders,25-55,25.0,25.24012,27.973
ITA,1990,All genders,25-55,27.5,27.441601,29.70816
ITA,1990,All genders,25-55,30.0,29.64654,31.26165
ITA,1990,All genders,25-55,32.5,31.817801,33.176262
ITA,1990,All genders,25-55,35.0,34.120701,34.769779
ITA,1990,All genders,25-55,37.5,36.31078,37.021881
ITA,1990,All genders,25-55,40.0,38.738991,39.031239
ITA,1990,All genders,25-55,42.5,41.019329,40.77367
ITA,1990,All genders,25-55,45.0,43.474281,42.409382
ITA,1990,All genders,25-55,47.5,45.798908,44.671249
ITA,1990,All genders,25-55,50.0,48.06123,46.582939
ITA,1990,All genders,25-55,52.5,50.58289,49.150539
ITA,1990,All genders,25-55,55.0,52.911369,50.741909
ITA,1990,All genders,25-55,57.5,55.395321,53.3424
ITA,1990,All genders,25-55,60.0,57.871281,55.414848
ITA,1990,All genders,25-55,62.5,60.45327,57.65942
ITA,1990,All genders,25-55,65.0,62.626579,59.895618
ITA,1990,All genders,25-55,67.5,65.137283,62.32695
ITA,1990,All genders,25-55,70.0,67.617203,64.784882
ITA,1990,All genders,25-55,72.5,70.167824,67.322678
ITA,1990,All genders,25-55,75.0,72.661636,69.485031
ITA,1990,All genders,25-55,77.5,75.196228,72.269363
ITA,1990,All genders,25-55,80.0,77.729424,74.600632
ITA,1990,All genders,25-55,82.5,80.266258,77.070892
ITA,1990,All genders,25-55,85.0,82.85099,79.373459
ITA,1990,All genders,25-55,87.5,85.368553,82.332588
ITA,1990,All genders,25-55,90.0,87.971069,84.645027
ITA,1990,All genders,25-55,92.5,90.548378,87.413986
ITA,1990,All genders,25-55,95.0,93.206383,90.610641
ITA,1990,All genders,25-55,97.5,95.883743,93.766296
ITA,1990,All genders,25-55,99.0,97.979607,96.160744
ITA,1990,All genders,25-55,99.90000000000001,99.279633,97.79258
ITA,1990,All genders,25-55,100.0,99.832947,99.050583
ITA,1991,All genders,25-55,2.5,1.866917,7.5028319
ITA,1991,All genders,25-55,5.0,4.8578758,11.18755
ITA,1991,All genders,25-55,7.5,7.7667089,13.78662
ITA,1991,All genders,25-55,10.0,10.54588,16.264971
ITA,1991,All genders,25-55,12.5,13.1388,18.40209
ITA,1991,All genders,25-55,15.0,15.74941,20.64077
ITA,1991,All genders,25-55,17.5,18.306021,22.1395
ITA,1991,All genders,25-55,20.0,20.616381,23.663429
ITA,1991,All genders,25-55,22.5,22.813141,25.804279
ITA,1991,All genders,25-55,25.0,25.19142,27.538219
ITA,1991,All genders,25-55,27.5,27.22344,29.542879
ITA,1991,All genders,25-55,30.0,29.462851,30.91716
ITA,1991,All genders,25-55,32.5,31.65818,33.153259
ITA,1991,All genders,25-55,35.0,33.927181,34.693359
ITA,1991,All genders,25-55,37.5,36.41259,37.04554
ITA,1991,All genders,25-55,40.0,38.748421,39.18314
ITA,1991,All genders,25-55,42.5,41.00909,40.945469
ITA,1991,All genders,25-55,45.0,43.388241,43.181702
ITA,1991,All genders,25-55,47.5,45.769379,44.930191
ITA,1991,All genders,25-55,50.0,48.12822,46.964279
ITA,1991,All genders,25-55,52.5,50.715511,49.088829
ITA,1991,All genders,25-55,55.0,52.923439,51.178761
ITA,1991,All genders,25-55,57.5,55.29092,53.473042
ITA,1991,All genders,25-55,60.0,57.64912,55.571098
ITA,1991,All genders,25-55,62.5,60.18605,57.79438
ITA,1991,All genders,25-55,65.0,62.693199,60.287338
ITA,1991,All genders,25-55,67.5,65.172081,62.657379
ITA,1991,All genders,25-55,70.0,67.796066,65.138649
ITA,1991,All genders,25-55,72.5,70.319618,67.34536
ITA,1991,All genders,25-55,75.0,72.766907,69.845062
ITA,1991,All genders,25-55,77.5,75.213951,72.418541
ITA,1991,All genders,25-55,80.0,77.829987,74.670753
ITA,1991,All genders,25-55,82.5,80.397774,77.461273
ITA,1991,All genders,25-55,85.0,82.900238,79.763573
ITA,1991,All genders,25-55,87.5,85.468033,82.358963
ITA,1991,All genders,25-55,90.0,88.046822,84.880257
ITA,1991,All genders,25-55,92.5,90.636948,87.470512
ITA,1991,All genders,25-55,95.0,93.2686,90.850983
ITA,1991,All genders,25-55,97.5,95.8479,93.618523
ITA,1991,All genders,25-55,99.0,97.977852,96.160004
ITA,1991,All genders,25-55,99.90000000000001,99.259117,97.918541
ITA,1991,All genders,25-55,100.0,99.782707,98.865402
ITA,1992,All genders,25-55,2.5,1.843462,7.4872918
ITA,1992,All genders,25-55,5.0,4.8797379,11.23631
ITA,1992,All genders,25-55,7.5,7.7908859,13.84177
ITA,1992,All genders,25-55,10.0,10.54781,16.115021
ITA,1992,All genders,25-55,12.5,13.152,18.11311
ITA,1992,All genders,25-55,15.0,15.61584,20.131411
ITA,1992,All genders,25-55,17.5,18.026859,21.972839
ITA,1992,All genders,25-55,20.0,20.39115,23.76437
ITA,1992,All genders,25-55,22.5,22.79213,25.78891
ITA,1992,All genders,25-55,25.0,24.926611,27.51454
ITA,1992,All genders,25-55,27.5,27.050249,29.177271
ITA,1992,All genders,25-55,30.0,29.43227,31.046499
ITA,1992,All genders,25-55,32.5,31.683559,32.94035
ITA,1992,All genders,25-55,35.0,33.980541,34.930561
ITA,1992,All genders,25-55,37.5,36.325829,36.8452
ITA,1992,All genders,25-55,40.0,38.621941,38.962898
ITA,1992,All genders,25-55,42.5,40.982861,41.115761
ITA,1992,All genders,25-55,45.0,43.310242,43.080341
ITA,1992,All genders,25-55,47.5,45.60865,45.462681
ITA,1992,All genders,25-55,50.0,48.140629,46.998539
ITA,1992,All genders,25-55,52.5,50.586781,49.178188
ITA,1992,All genders,25-55,55.0,52.889629,51.450901
ITA,1992,All genders,25-55,57.5,55.487141,53.52132
ITA,1992,All genders,25-55,60.0,57.760479,55.990219
ITA,1992,All genders,25-55,62.5,60.340302,58.024849
ITA,1992,All genders,25-55,65.0,62.884949,60.12891
ITA,1992,All genders,25-55,67.5,65.220947,62.64249
ITA,1992,All genders,25-55,70.0,67.88076,64.972977
ITA,1992,All genders,25-55,72.5,70.242432,67.365997
ITA,1992,All genders,25-55,75.0,72.868027,70.058006
ITA,1992,All genders,25-55,77.5,75.495667,72.179893
ITA,1992,All genders,25-55,80.0,77.983673,74.894928
ITA,1992,All genders,25-55,82.5,80.422478,77.27298
ITA,1992,All genders,25-55,85.0,82.988823,79.880272
ITA,1992,All genders,25-55,87.5,85.579903,82.274872
ITA,1992,All genders,25-55,90.0,88.080963,85.149193
ITA,1992,All genders,25-55,92.5,90.655327,87.728058
ITA,1992,All genders,25-55,95.0,93.329681,90.490807
ITA,1992,All genders,25-55,97.5,95.882561,93.645607
ITA,1992,All genders,25-55,99.0,97.973686,96.11013
ITA,1992,All genders,25-55,99.90000000000001,99.317398,97.94368
ITA,1992,All genders,25-55,100.0,99.857689,99.139198
ITA,1993,All genders,25-55,2.5,1.858606,7.576087
ITA,1993,All genders,25-55,5.0,4.9310279,11.20216
ITA,1993,All genders,25-55,7.5,7.7474608,14.07131
ITA,1993,All genders,25-55,10.0,10.50999,16.038601
ITA,1993,All genders,25-55,12.5,13.04404,18.47526
ITA,1993,All genders,25-55,15.0,15.4051,20.29421
ITA,1993,All genders,25-55,17.5,17.871269,22.260969
ITA,1993,All genders,25-55,20.0,20.157141,23.82444
ITA,1993,All genders,25-55,22.5,22.488791,25.806681
ITA,1993,All genders,25-55,25.0,24.907419,27.549431
ITA,1993,All genders,25-55,27.5,27.00799,29.29583
ITA,1993,All genders,25-55,30.0,29.47525,31.141479
ITA,1993,All genders,25-55,32.5,31.671419,33.041142
ITA,1993,All genders,25-55,35.0,34.040241,35.026718
ITA,1993,All genders,25-55,37.5,36.362129,36.795738
ITA,1993,All genders,25-55,40.0,38.746288,38.735939
ITA,1993,All genders,25-55,42.5,40.99168,41.237061
ITA,1993,All genders,25-55,45.0,43.525688,42.964882
ITA,1993,All genders,25-55,47.5,45.923111,45.256531
ITA,1993,All genders,25-55,50.0,48.265251,46.904949
ITA,1993,All genders,25-55,52.5,50.592548,49.034451
ITA,1993,All genders,25-55,55.0,53.059139,51.6287
ITA,1993,All genders,25-55,57.5,55.472931,53.345081
ITA,1993,All genders,25-55,60.0,57.876808,56.297329
ITA,1993,All genders,25-55,62.5,60.396801,57.909111
ITA,1993,All genders,25-55,65.0,62.762501,60.558071
ITA,1993,All genders,25-55,67.5,65.455597,62.509079
ITA,1993,All genders,25-55,70.0,67.754349,64.758408
ITA,1993,All genders,25-55,72.5,70.437714,67.156242
ITA,1993,All genders,25-55,75.0,72.83268,69.918022
ITA,1993,All genders,25-55,77.5,75.400742,72.013107
ITA,1993,All genders,25-55,80.0,77.962578,74.716339
ITA,1993,All genders,25-55,82.5,80.39637,77.16642
ITA,1993,All genders,25-55,85.0,82.9468,79.618057
ITA,1993,All genders,25-55,87.5,85.492722,82.334259
ITA,1993,All genders,25-55,90.0,88.070236,85.063942
ITA,1993,All genders,25-55,92.5,90.676781,87.844391
ITA,1993,All genders,25-55,95.0,93.25956,90.463516
ITA,1993,All genders,25-55,97.5,95.887657,93.512871
ITA,1993,All genders,25-55,99.0,98.001106,96.064774
ITA,1993,All genders,25-55,99.90000000000001,99.319931,98.067451
ITA,1993,All genders,25-55,100.0,99.898354,99.260887
ITA,1994,All genders,25-55,2.5,1.879541,8.3824615
ITA,1994,All genders,25-55,5.0,4.7655649,12.13863
ITA,1994,All genders,25-55,7.5,7.5317831,14.37458
ITA,1994,All genders,25-55,10.0,10.16549,16.578291
ITA,1994,All genders,25-55,12.5,12.77581,18.613529
ITA,1994,All genders,25-55,15.0,15.29586,20.346251
ITA,1994,All genders,25-55,17.5,17.690331,22.214899
ITA,1994,All genders,25-55,20.0,19.99859,24.128719
ITA,1994,All genders,25-55,22.5,22.65167,26.250481
ITA,1994,All genders,25-55,25.0,24.770439,28.00651
ITA,1994,All genders,25-55,27.5,26.989309,29.860041
ITA,1994,All genders,25-55,30.0,29.40877,31.159731
ITA,1994,All genders,25-55,32.5,31.78446,32.994438
ITA,1994,All genders,25-55,35.0,34.037811,34.85141
ITA,1994,All genders,25-55,37.5,36.408451,36.828041
ITA,1994,All genders,25-55,40.0,38.73296,38.719379
ITA,1994,All genders,25-55,42.5,41.193192,41.079941
ITA,1994,All genders,25-55,45.0,43.522991,42.416981
ITA,1994,All genders,25-55,47.5,45.86388,44.881409
ITA,1994,All genders,25-55,50.0,48.208988,47.146759
ITA,1994,All genders,25-55,52.5,50.869461,49.08223
ITA,1994,All genders,25-55,55.0,53.19907,51.502201
ITA,1994,All genders,25-55,57.5,55.649311,53.45443
ITA,1994,All genders,25-55,60.0,58.059429,55.63335
ITA,1994,All genders,25-55,62.5,60.582489,57.75095
ITA,1994,All genders,25-55,65.0,62.89365,60.33836
ITA,1994,All genders,25-55,67.5,65.356102,62.158199
ITA,1994,All genders,25-55,70.0,67.878899,64.58757
ITA,1994,All genders,25-55,72.5,70.385513,66.916931
ITA,1994,All genders,25-55,75.0,72.890137,69.363373
ITA,1994,All genders,25-55,77.5,75.419746,72.041687
ITA,1994,All genders,25-55,80.0,77.87159,74.356812
ITA,1994,All genders,25-55,82.5,80.53907,77.15062
ITA,1994,All genders,25-55,85.0,83.007637,79.487129
ITA,1994,All genders,25-55,87.5,85.480438,82.103737
ITA,1994,All genders,25-55,90.0,88.093231,84.827522
ITA,1994,All genders,25-55,92.5,90.691452,87.746193
ITA,1994,All genders,25-55,95.0,93.269211,90.409576
ITA,1994,All genders,25-55,97.5,95.851173,93.48069
ITA,1994,All genders,25-55,99.0,97.997078,96.125618
ITA,1994,All genders,25-55,99.90000000000001,99.324562,97.985603
ITA,1994,All genders,25-55,100.0,99.91468,99.00869
ITA,1995,All genders,25-55,2.5,1.882463,8.3039885
ITA,1995,All genders,25-55,5.0,4.7651048,12.16151
ITA,1995,All genders,25-55,7.5,7.6756401,14.87945
ITA,1995,All genders,25-55,10.0,10.34881,16.80397
ITA,1995,All genders,25-55,12.5,12.93175,18.35891
ITA,1995,All genders,25-55,15.0,15.2624,20.710581
ITA,1995,All genders,25-55,17.5,17.718639,22.453569
ITA,1995,All genders,25-55,20.0,20.027411,24.071011
ITA,1995,All genders,25-55,22.5,22.480221,25.945789
ITA,1995,All genders,25-55,25.0,24.84618,27.877291
ITA,1995,All genders,25-55,27.5,27.09886,29.97217
ITA,1995,All genders,25-55,30.0,29.448099,31.095551
ITA,1995,All genders,25-55,32.5,31.56978,33.110809
ITA,1995,All genders,25-55,35.0,34.120399,34.998791
ITA,1995,All genders,25-55,37.5,36.408901,36.993092
ITA,1995,All genders,25-55,40.0,38.807381,38.743111
ITA,1995,All genders,25-55,42.5,41.099018,41.049992
ITA,1995,All genders,25-55,45.0,43.493519,42.807819
ITA,1995,All genders,25-55,47.5,45.96405,44.731529
ITA,1995,All genders,25-55,50.0,48.145432,46.988739
ITA,1995,All genders,25-55,52.5,50.75626,49.108261
ITA,1995,All genders,25-55,55.0,53.074108,51.189671
ITA,1995,All genders,25-55,57.5,55.521389,53.6721
ITA,1995,All genders,25-55,60.0,57.962818,55.55093
ITA,1995,All genders,25-55,62.5,60.404831,57.81525
ITA,1995,All genders,25-55,65.0,62.85442,59.66777
ITA,1995,All genders,25-55,67.5,65.35733,62.524811
ITA,1995,All genders,25-55,70.0,67.91713,64.463753
ITA,1995,All genders,25-55,72.5,70.368942,67.076439
ITA,1995,All genders,25-55,75.0,72.892487,69.537086
ITA,1995,All genders,25-55,77.5,75.407806,71.851837
ITA,1995,All genders,25-55,80.0,77.869308,74.284233
ITA,1995,All genders,25-55,82.5,80.51886,76.854958
ITA,1995,All genders,25-55,85.0,82.992287,79.379189
ITA,1995,All genders,25-55,87.5,85.577263,82.044518
ITA,1995,All genders,25-55,90.0,88.168877,84.839897
ITA,1995,All genders,25-55,92.5,90.702408,87.750397
ITA,1995,All genders,25-55,95.0,93.361588,90.485023
ITA,1995,All genders,25-55,97.5,95.867828,93.311836
ITA,1995,All genders,25-55,99.0,97.993591,96.122131
ITA,1995,All genders,25-55,99.90000000000001,99.297737,97.723648
ITA,1995,All genders,25-55,100.0,99.8862,98.805077
ITA,1996,All genders,25-55,2.5,1.911043,8.4826174
ITA,1996,All genders,25-55,5.0,4.8314848,12.30919
ITA,1996,All genders,25-55,7.5,7.7612648,14.81948
ITA,1996,All genders,25-55,10.0,10.46526,16.80324
ITA,1996,All genders,25-55,12.5,13.07317,18.598921
ITA,1996,All genders,25-55,15.0,15.44169,20.549971
ITA,1996,All genders,25-55,17.5,17.93576,22.32316
ITA,1996,All genders,25-55,20.0,19.982929,24.028601
ITA,1996,All genders,25-55,22.5,22.393909,25.96946
ITA,1996,All genders,25-55,25.0,24.74386,27.78632
ITA,1996,All genders,25-55,27.5,26.99453,29.930559
ITA,1996,All genders,25-55,30.0,29.509291,31.33794
ITA,1996,All genders,25-55,32.5,31.601179,33.029751
ITA,1996,All genders,25-55,35.0,33.974232,35.111832
ITA,1996,All genders,25-55,37.5,36.275879,37.229309
ITA,1996,All genders,25-55,40.0,38.723541,38.87001
ITA,1996,All genders,25-55,42.5,41.077511,40.812462
ITA,1996,All genders,25-55,45.0,43.483101,43.1376
ITA,1996,All genders,25-55,47.5,45.82029,45.403111
ITA,1996,All genders,25-55,50.0,48.28825,47.165031
ITA,1996,All genders,25-55,52.5,50.63472,49.146019
ITA,1996,All genders,25-55,55.0,53.03014,51.45612
ITA,1996,All genders,25-55,57.5,55.50864,53.519379
ITA,1996,All genders,25-55,60.0,57.952389,55.619499
ITA,1996,All genders,25-55,62.5,60.378078,57.94894
ITA,1996,All genders,25-55,65.0,62.873791,59.610519
ITA,1996,All genders,25-55,67.5,65.419281,62.074711
ITA,1996,All genders,25-55,70.0,67.812187,64.408783
ITA,1996,All genders,25-55,72.5,70.357597,67.12603
ITA,1996,All genders,25-55,75.0,72.876778,68.855553
ITA,1996,All genders,25-55,77.5,75.506081,71.702713
ITA,1996,All genders,25-55,80.0,78.015678,74.530243
ITA,1996,All genders,25-55,82.5,80.46534,76.793617
ITA,1996,All genders,25-55,85.0,82.989159,79.197273
ITA,1996,All genders,25-55,87.5,85.549797,81.899696
ITA,1996,All genders,25-55,90.0,88.133827,84.915543
ITA,1996,All genders,25-55,92.5,90.672203,87.592506
ITA,1996,All genders,25-55,95.0,93.287216,90.223793
ITA,1996,All genders,25-55,97.5,95.910316,93.306122
ITA,1996,All genders,25-55,99.0,98.010773,95.916252
ITA,1996,All genders,25-55,99.90000000000001,99.315857,97.645317
ITA,1996,All genders,25-55,100.0,99.878807,98.787491
ITA,1997,All genders,25-55,2.5,1.9121,9.1575308
ITA,1997,All genders,25-55,5.0,4.86022,12.48751
ITA,1997,All genders,25-55,7.5,7.6516428,14.90266
ITA,1997,All genders,25-55,10.0,10.38609,16.82666
ITA,1997,All genders,25-55,12.5,12.93987,18.919029
ITA,1997,All genders,25-55,15.0,15.43643,20.86326
ITA,1997,All genders,25-55,17.5,17.82761,22.13693
ITA,1997,All genders,25-55,20.0,20.05732,24.06842
ITA,1997,All genders,25-55,22.5,22.339319,25.86425
ITA,1997,All genders,25-55,25.0,24.87652,27.792561
ITA,1997,All genders,25-55,27.5,27.128679,29.580561
ITA,1997,All genders,25-55,30.0,29.6647,31.805679
ITA,1997,All genders,25-55,32.5,31.83563,33.20105
ITA,1997,All genders,25-55,35.0,34.040218,35.14138
ITA,1997,All genders,25-55,37.5,36.470058,37.10957
ITA,1997,All genders,25-55,40.0,38.71246,39.063831
ITA,1997,All genders,25-55,42.5,41.004501,40.81411
ITA,1997,All genders,25-55,45.0,43.653351,43.186581
ITA,1997,All genders,25-55,47.5,45.827179,45.174839
ITA,1997,All genders,25-55,50.0,48.333599,47.04472
ITA,1997,All genders,25-55,52.5,50.654091,48.854729
ITA,1997,All genders,25-55,55.0,53.072472,51.586269
ITA,1997,All genders,25-55,57.5,55.664268,53.676819
ITA,1997,All genders,25-55,60.0,57.968391,55.703732
ITA,1997,All genders,25-55,62.5,60.481091,57.730629
ITA,1997,All genders,25-55,65.0,62.75555,59.559738
ITA,1997,All genders,25-55,67.5,65.374046,61.811489
ITA,1997,All genders,25-55,70.0,67.860703,64.422256
ITA,1997,All genders,25-55,72.5,70.40049,66.794159
ITA,1997,All genders,25-55,75.0,72.795311,69.026878
ITA,1997,All genders,25-55,77.5,75.268761,71.546516
ITA,1997,All genders,25-55,80.0,77.756012,74.201591
ITA,1997,All genders,25-55,82.5,80.353783,76.753998
ITA,1997,All genders,25-55,85.0,82.935547,79.37822
ITA,1997,All genders,25-55,87.5,85.475067,81.750641
ITA,1997,All genders,25-55,90.0,88.147507,84.682312
ITA,1997,All genders,25-55,92.5,90.663727,87.299789
ITA,1997,All genders,25-55,95.0,93.246323,90.341507
ITA,1997,All genders,25-55,97.5,95.855293,93.351463
ITA,1997,All genders,25-55,99.0,97.964439,95.900146
ITA,1997,All genders,25-55,99.90000000000001,99.311699,97.712784
ITA,1997,All genders,25-55,100.0,99.83905,98.697189
ITA,1998,All genders,25-55,2.5,2.0641041,9.9701681
ITA,1998,All genders,25-55,5.0,4.8460689,13.40331
ITA,1998,All genders,25-55,7.5,7.7550988,15.88962
ITA,1998,All genders,25-55,10.0,10.34645,17.47109
ITA,1998,All genders,25-55,12.5,12.91411,19.27758
ITA,1998,All genders,25-55,15.0,15.33831,21.03227
ITA,1998,All genders,25-55,17.5,17.661119,22.46769
ITA,1998,All genders,25-55,20.0,20.157909,24.432819
ITA,1998,All genders,25-55,22.5,22.43445,25.824289
ITA,1998,All genders,25-55,25.0,24.775021,27.72401
ITA,1998,All genders,25-55,27.5,27.154671,29.993891
ITA,1998,All genders,25-55,30.0,29.507879,31.503031
ITA,1998,All genders,25-55,32.5,31.882259,33.31929
ITA,1998,All genders,25-55,35.0,34.2738,34.862759
ITA,1998,All genders,25-55,37.5,36.50246,36.872601
ITA,1998,All genders,25-55,40.0,38.647518,39.00256
ITA,1998,All genders,25-55,42.5,41.12788,40.92572
ITA,1998,All genders,25-55,45.0,43.523651,42.944729
ITA,1998,All genders,25-55,47.5,45.90242,44.80476
ITA,1998,All genders,25-55,50.0,48.333439,46.80405
ITA,1998,All genders,25-55,52.5,50.69809,48.971321
ITA,1998,All genders,25-55,55.0,53.17926,50.994171
ITA,1998,All genders,25-55,57.5,55.560051,53.20554
ITA,1998,All genders,25-55,60.0,57.878971,55.57106
ITA,1998,All genders,25-55,62.5,60.512081,57.186531
ITA,1998,All genders,25-55,65.0,63.047321,59.471149
ITA,1998,All genders,25-55,67.5,65.353844,61.9981
ITA,1998,All genders,25-55,70.0,67.825722,64.194687
ITA,1998,All genders,25-55,72.5,70.199654,66.620949
ITA,1998,All genders,25-55,75.0,72.757004,69.155693
ITA,1998,All genders,25-55,77.5,75.318916,71.409927
ITA,1998,All genders,25-55,80.0,77.778053,74.156593
ITA,1998,All genders,25-55,82.5,80.320663,76.383347
ITA,1998,All genders,25-55,85.0,82.902252,79.129997
ITA,1998,All genders,25-55,87.5,85.385933,81.776543
ITA,1998,All genders,25-55,90.0,88.077499,84.386353
ITA,1998,All genders,25-55,92.5,90.631691,87.30471
ITA,1998,All genders,25-55,95.0,93.246208,89.927063
ITA,1998,All genders,25-55,97.5,95.858856,93.270264
ITA,1998,All genders,25-55,99.0,97.995483,95.79879
ITA,1998,All genders,25-55,99.90000000000001,99.317886,97.850777
ITA,1998,All genders,25-55,100.0,99.923729,98.31292
ITA,1999,All genders,25-55,2.5,2.025393,10.36908
ITA,1999,All genders,25-55,5.0,4.8270321,13.29901
ITA,1999,All genders,25-55,7.5,7.7051902,16.114901
ITA,1999,All genders,25-55,10.0,10.43277,17.818199
ITA,1999,All genders,25-55,12.5,13.04401,19.62604
ITA,1999,All genders,25-55,15.0,15.41893,21.200911
ITA,1999,All genders,25-55,17.5,17.814791,22.912901
ITA,1999,All genders,25-55,20.0,20.10232,24.663071
ITA,1999,All genders,25-55,22.5,22.57321,26.23591
ITA,1999,All genders,25-55,25.0,24.77095,28.30905
ITA,1999,All genders,25-55,27.5,27.19499,29.838591
ITA,1999,All genders,25-55,30.0,29.584999,31.803961
ITA,1999,All genders,25-55,32.5,31.88418,33.209671
ITA,1999,All genders,25-55,35.0,34.184792,34.853569
ITA,1999,All genders,25-55,37.5,36.376308,37.067741
ITA,1999,All genders,25-55,40.0,38.865841,38.912109
ITA,1999,All genders,25-55,42.5,41.04015,40.691502
ITA,1999,All genders,25-55,45.0,43.491009,42.705471
ITA,1999,All genders,25-55,47.5,45.96574,44.97599
ITA,1999,All genders,25-55,50.0,48.395,46.98167
ITA,1999,All genders,25-55,52.5,50.842258,48.85368
ITA,1999,All genders,25-55,55.0,53.046459,50.954891
ITA,1999,All genders,25-55,57.5,55.71664,52.901901
ITA,1999,All genders,25-55,60.0,57.904469,54.914551
ITA,1999,All genders,25-55,62.5,60.441879,57.444881
ITA,1999,All genders,25-55,65.0,62.81102,59.247318
ITA,1999,All genders,25-55,67.5,65.154984,61.813
ITA,1999,All genders,25-55,70.0,67.779808,63.961201
ITA,1999,All genders,25-55,72.5,70.330727,66.432167
ITA,1999,All genders,25-55,75.0,72.806953,68.831932
ITA,1999,All genders,25-55,77.5,75.147232,71.260529
ITA,1999,All genders,25-55,80.0,77.765999,74.080223
ITA,1999,All genders,25-55,82.5,80.395866,76.261467
ITA,1999,All genders,25-55,85.0,82.834618,79.079689
ITA,1999,All genders,25-55,87.5,85.430008,81.5895
ITA,1999,All genders,25-55,90.0,87.981819,84.449364
ITA,1999,All genders,25-55,92.5,90.549988,87.106003
ITA,1999,All genders,25-55,95.0,93.239014,89.95166
ITA,1999,All genders,25-55,97.5,95.810387,93.038582
ITA,1999,All genders,25-55,99.0,97.962143,95.755074
ITA,1999,All genders,25-55,99.90000000000001,99.31604,97.719658
ITA,1999,All genders,25-55,100.0,99.926598,97.236794
ITA,2000,All genders,25-55,2.5,2.105746,10.54024
ITA,2000,All genders,25-55,5.0,5.0364218,13.34514
ITA,2000,All genders,25-55,7.5,7.841608,15.65848
ITA,2000,All genders,25-55,10.0,10.549,18.06848
ITA,2000,All genders,25-55,12.5,13.13302,19.533079
ITA,2000,All genders,25-55,15.0,15.46878,20.97995
ITA,2000,All genders,25-55,17.5,17.66041,23.053539
ITA,2000,All genders,25-55,20.0,20.10446,24.432051
ITA,2000,All genders,25-55,22.5,22.440399,26.10302
ITA,2000,All genders,25-55,25.0,24.844721,28.059771
ITA,2000,All genders,25-55,27.5,27.11639,30.28833
ITA,2000,All genders,25-55,30.0,29.648161,31.58662
ITA,2000,All genders,25-55,32.5,31.90003,33.422291
ITA,2000,All genders,25-55,35.0,34.254681,35.369961
ITA,2000,All genders,25-55,37.5,36.55378,36.94104
ITA,2000,All genders,25-55,40.0,38.81736,38.855339
ITA,2000,All genders,25-55,42.5,41.163059,40.624962
ITA,2000,All genders,25-55,45.0,43.382179,42.45224
ITA,2000,All genders,25-55,47.5,45.967991,44.62788
ITA,2000,All genders,25-55,50.0,48.261711,46.866329
ITA,2000,All genders,25-55,52.5,50.603889,49.00248
ITA,2000,All genders,25-55,55.0,53.09734,51.071011
ITA,2000,All genders,25-55,57.5,55.519089,53.214691
ITA,2000,All genders,25-55,60.0,57.98267,55.043812
ITA,2000,All genders,25-55,62.5,60.42347,57.09079
ITA,2000,All genders,25-55,65.0,62.835281,59.569519
ITA,2000,All genders,25-55,67.5,65.387459,61.808071
ITA,2000,All genders,25-55,70.0,67.656532,64.244164
ITA,2000,All genders,25-55,72.5,70.265488,66.187798
ITA,2000,All genders,25-55,75.0,72.673759,68.610207
ITA,2000,All genders,25-55,77.5,75.191719,71.155647
ITA,2000,All genders,25-55,80.0,77.761429,73.940582
ITA,2000,All genders,25-55,82.5,80.256622,76.520447
ITA,2000,All genders,25-55,85.0,82.93187,78.768967
ITA,2000,All genders,25-55,87.5,85.376572,81.860977
ITA,2000,All genders,25-55,90.0,87.997932,84.513382
ITA,2000,All genders,25-55,92.5,90.59906,87.195503
ITA,2000,All genders,25-55,95.0,93.245453,90.19294
ITA,2000,All genders,25-55,97.5,95.777428,92.971077
ITA,2000,All genders,25-55,99.0,97.882637,95.767838
ITA,2000,All genders,25-55,99.90000000000001,99.152473,97.541031
ITA,2000,All genders,25-55,100.0,99.26181,98.048439
ITA,2001,All genders,25-55,2.5,2.1072991,10.23868
ITA,2001,All genders,25-55,5.0,5.0625381,13.27819
ITA,2001,All genders,25-55,7.5,7.9794369,15.80597
ITA,2001,All genders,25-55,10.0,10.72598,18.18017
ITA,2001,All genders,25-55,12.5,13.25469,19.30995
ITA,2001,All genders,25-55,15.0,15.65203,20.925211
ITA,2001,All genders,25-55,17.5,17.83135,23.093281
ITA,2001,All genders,25-55,20.0,20.28229,24.88163
ITA,2001,All genders,25-55,22.5,22.54512,26.37566
ITA,2001,All genders,25-55,25.0,25.05027,28.061529
ITA,2001,All genders,25-55,27.5,27.33889,29.815651
ITA,2001,All genders,25-55,30.0,29.557301,31.88014
ITA,2001,All genders,25-55,32.5,31.71566,33.5354
ITA,2001,All genders,25-55,35.0,34.24749,35.168892
ITA,2001,All genders,25-55,37.5,36.279598,36.923279
ITA,2001,All genders,25-55,40.0,38.75782,38.840321
ITA,2001,All genders,25-55,42.5,41.018211,40.38702
ITA,2001,All genders,25-55,45.0,43.641399,42.323132
ITA,2001,All genders,25-55,47.5,45.686211,44.446819
ITA,2001,All genders,25-55,50.0,48.165829,46.47966
ITA,2001,All genders,25-55,52.5,50.448952,48.768822
ITA,2001,All genders,25-55,55.0,53.083641,50.879139
ITA,2001,All genders,25-55,57.5,55.363602,53.00758
ITA,2001,All genders,25-55,60.0,57.930199,55.586159
ITA,2001,All genders,25-55,62.5,60.436169,57.196751
ITA,2001,All genders,25-55,65.0,62.68224,59.442871
ITA,2001,All genders,25-55,67.5,65.208672,61.638531
ITA,2001,All genders,25-55,70.0,67.731247,64.105972
ITA,2001,All genders,25-55,72.5,70.222137,66.413116
ITA,2001,All genders,25-55,75.0,72.712433,68.950706
ITA,2001,All genders,25-55,77.5,75.182968,71.004387
ITA,2001,All genders,25-55,80.0,77.683052,73.944817
ITA,2001,All genders,25-55,82.5,80.303802,76.360458
ITA,2001,All genders,25-55,85.0,82.802116,79.286407
ITA,2001,All genders,25-55,87.5,85.475258,81.82341
ITA,2001,All genders,25-55,90.0,88.002823,84.640289
ITA,2001,All genders,25-55,92.5,90.570663,87.368927
ITA,2001,All genders,25-55,95.0,93.218567,90.185387
ITA,2001,All genders,25-55,97.5,95.820663,93.215668
ITA,2001,All genders,25-55,99.0,97.901711,95.799072
ITA,2001,All genders,25-55,99.90000000000001,99.175941,97.425697
ITA,2001,All genders,25-55,100.0,99.633118,98.553993
ITA,2002,All genders,25-55,2.5,2.1122639,10.15049
ITA,2002,All genders,25-55,5.0,5.043519,13.34857
ITA,2002,All genders,25-55,7.5,7.948133,15.9609
ITA,2002,All genders,25-55,10.0,10.83833,17.790689
ITA,2002,All genders,25-55,12.5,13.13543,19.36072
ITA,2002,All genders,25-55,15.0,15.52554,20.773899
ITA,2002,All genders,25-55,17.5,17.831209,22.536091
ITA,2002,All genders,25-55,20.0,20.1936,24.28138
ITA,2002,All genders,25-55,22.5,22.50297,25.98797
ITA,2002,All genders,25-55,25.0,24.895189,27.93326
ITA,2002,All genders,25-55,27.5,27.311741,29.673149
ITA,2002,All genders,25-55,30.0,29.78537,31.61706
ITA,2002,All genders,25-55,32.5,31.847349,33.192371
ITA,2002,All genders,25-55,35.0,34.287819,35.064171
ITA,2002,All genders,25-55,37.5,36.38723,36.633808
ITA,2002,All genders,25-55,40.0,38.73016,38.5835
ITA,2002,All genders,25-55,42.5,40.953468,40.822369
ITA,2002,All genders,25-55,45.0,43.407589,42.885422
ITA,2002,All genders,25-55,47.5,46.026501,44.3666
ITA,2002,All genders,25-55,50.0,47.979752,46.42112
ITA,2002,All genders,25-55,52.5,50.566349,49.124031
ITA,2002,All genders,25-55,55.0,53.031559,51.067371
ITA,2002,All genders,25-55,57.5,55.33046,53.187389
ITA,2002,All genders,25-55,60.0,57.851608,55.154671
ITA,2002,All genders,25-55,62.5,60.323101,57.347252
ITA,2002,All genders,25-55,65.0,62.716499,59.65366
ITA,2002,All genders,25-55,67.5,65.175117,61.870838
ITA,2002,All genders,25-55,70.0,67.737709,64.178123
ITA,2002,All genders,25-55,72.5,70.190643,66.594681
ITA,2002,All genders,25-55,75.0,72.681587,68.887001
ITA,2002,All genders,25-55,77.5,75.224609,71.657501
ITA,2002,All genders,25-55,80.0,77.774162,73.879936
ITA,2002,All genders,25-55,82.5,80.28624,76.514877
ITA,2002,All genders,25-55,85.0,82.855217,79.255363
ITA,2002,All genders,25-55,87.5,85.404083,81.950691
ITA,2002,All genders,25-55,90.0,88.085373,84.717178
ITA,2002,All genders,25-55,92.5,90.629059,87.525711
ITA,2002,All genders,25-55,95.0,93.244133,90.439003
ITA,2002,All genders,25-55,97.5,95.847733,93.196953
ITA,2002,All genders,25-55,99.0,97.953827,95.840874
ITA,2002,All genders,25-55,99.90000000000001,99.27774,97.768913
ITA,2002,All genders,25-55,100.0,99.807297,99.016876
ITA,2003,All genders,25-55,2.5,2.1174359,10.17436
ITA,2003,All genders,25-55,5.0,5.1690531,13.66436
ITA,2003,All genders,25-55,7.5,7.9436698,16.045719
ITA,2003,All genders,25-55,10.0,10.67664,17.670521
ITA,2003,All genders,25-55,12.5,13.22517,19.35145
ITA,2003,All genders,25-55,15.0,15.55713,20.93775
ITA,2003,All genders,25-55,17.5,17.801121,22.267321
ITA,2003,All genders,25-55,20.0,19.94125,23.92775
ITA,2003,All genders,25-55,22.5,22.366091,26.038931
ITA,2003,All genders,25-55,25.0,24.725109,27.58602
ITA,2003,All genders,25-55,27.5,27.0931,29.52334
ITA,2003,All genders,25-55,30.0,29.524059,31.440781
ITA,2003,All genders,25-55,32.5,31.81657,33.011829
ITA,2003,All genders,25-55,35.0,33.948059,34.923771
ITA,2003,All genders,25-55,37.5,36.366341,36.915321
ITA,2003,All genders,25-55,40.0,38.682869,38.50948
ITA,2003,All genders,25-55,42.5,41.20364,40.611851
ITA,2003,All genders,25-55,45.0,43.46941,42.72356
ITA,2003,All genders,25-55,47.5,45.879711,44.611519
ITA,2003,All genders,25-55,50.0,48.306419,46.361729
ITA,2003,All genders,25-55,52.5,50.622429,48.688782
ITA,2003,All genders,25-55,55.0,53.05402,51.13002
ITA,2003,All genders,25-55,57.5,55.441029,53.090069
ITA,2003,All genders,25-55,60.0,57.98365,55.212471
ITA,2003,All genders,25-55,62.5,60.33881,57.414181
ITA,2003,All genders,25-55,65.0,62.780949,59.410629
ITA,2003,All genders,25-55,67.5,65.194138,61.776642
ITA,2003,All genders,25-55,70.0,67.760857,64.209152
ITA,2003,All genders,25-55,72.5,70.281937,66.705544
ITA,2003,All genders,25-55,75.0,72.710716,69.220093
ITA,2003,All genders,25-55,77.5,75.344116,71.695679
ITA,2003,All genders,25-55,80.0,77.777649,74.177498
ITA,2003,All genders,25-55,82.5,80.374832,76.913918
ITA,2003,All genders,25-55,85.0,82.842247,79.16169
ITA,2003,All genders,25-55,87.5,85.497002,82.190948
ITA,2003,All genders,25-55,90.0,88.099083,84.910973
ITA,2003,All genders,25-55,92.5,90.665443,87.603317
ITA,2003,All genders,25-55,95.0,93.261131,90.359818
ITA,2003,All genders,25-55,97.5,95.823776,93.269524
ITA,2003,All genders,25-55,99.0,97.974403,95.983711
ITA,2003,All genders,25-55,99.90000000000001,99.31086,97.895737
ITA,2003,All genders,25-55,100.0,99.842148,99.268417
ITA,2004,All genders,25-55,2.5,2.180829,10.45444
ITA,2004,All genders,25-55,5.0,5.185751,14.02056
ITA,2004,All genders,25-55,7.5,7.9659472,16.453409
ITA,2004,All genders,25-55,10.0,10.5877,18.557249
ITA,2004,All genders,25-55,12.5,13.13022,19.69228
ITA,2004,All genders,25-55,15.0,15.45596,21.37607
ITA,2004,All genders,25-55,17.5,17.770309,22.70542
ITA,2004,All genders,25-55,20.0,20.27911,24.513451
ITA,2004,All genders,25-55,22.5,22.455851,26.261
ITA,2004,All genders,25-55,25.0,24.622021,27.930811
ITA,2004,All genders,25-55,27.5,27.079479,29.465811
ITA,2004,All genders,25-55,30.0,29.268,31.122669
ITA,2004,All genders,25-55,32.5,31.63726,33.012409
ITA,2004,All genders,25-55,35.0,33.966839,34.8088
ITA,2004,All genders,25-55,37.5,36.447128,36.545792
ITA,2004,All genders,25-55,40.0,38.610569,38.474152
ITA,2004,All genders,25-55,42.5,41.15675,40.89904
ITA,2004,All genders,25-55,45.0,43.486889,42.366959
ITA,2004,All genders,25-55,47.5,45.851528,44.362919
ITA,2004,All genders,25-55,50.0,48.317841,46.22155
ITA,2004,All genders,25-55,52.5,50.6581,48.06395
ITA,2004,All genders,25-55,55.0,53.01675,50.487331
ITA,2004,All genders,25-55,57.5,55.5429,52.821972
ITA,2004,All genders,25-55,60.0,57.94907,55.149769
ITA,2004,All genders,25-55,62.5,60.271481,57.346642
ITA,2004,All genders,25-55,65.0,62.853298,59.367142
ITA,2004,All genders,25-55,67.5,65.252823,61.620701
ITA,2004,All genders,25-55,70.0,67.793327,63.98119
ITA,2004,All genders,25-55,72.5,70.190903,66.770142
ITA,2004,All genders,25-55,75.0,72.817886,68.932007
ITA,2004,All genders,25-55,77.5,75.267303,71.518204
ITA,2004,All genders,25-55,80.0,77.8452,74.221046
ITA,2004,All genders,25-55,82.5,80.366463,76.892227
ITA,2004,All genders,25-55,85.0,83.01754,79.164513
ITA,2004,All genders,25-55,87.5,85.503723,81.867508
ITA,2004,All genders,25-55,90.0,88.035049,84.844872
ITA,2004,All genders,25-55,92.5,90.677696,87.689346
ITA,2004,All genders,25-55,95.0,93.27314,90.189171
ITA,2004,All genders,25-55,97.5,95.867523,93.272568
ITA,2004,All genders,25-55,99.0,97.999046,95.911217
ITA,2004,All genders,25-55,99.90000000000001,99.29895,97.97419
ITA,2004,All genders,25-55,100.0,99.730911,99.36499
ITA,2005,All genders,25-55,2.5,2.1843841,10.68648
ITA,2005,All genders,25-55,5.0,5.1349878,13.83974
ITA,2005,All genders,25-55,7.5,7.9266481,16.884821
ITA,2005,All genders,25-55,10.0,10.45777,18.7075
ITA,2005,All genders,25-55,12.5,12.99345,20.259489
ITA,2005,All genders,25-55,15.0,15.29983,22.12499
ITA,2005,All genders,25-55,17.5,17.71764,23.291269
ITA,2005,All genders,25-55,20.0,20.036539,24.74428
ITA,2005,All genders,25-55,22.5,22.35397,26.19965
ITA,2005,All genders,25-55,25.0,24.69628,28.27685
ITA,2005,All genders,25-55,27.5,27.04571,30.005659
ITA,2005,All genders,25-55,30.0,29.57139,31.837111
ITA,2005,All genders,25-55,32.5,31.58919,33.375801
ITA,2005,All genders,25-55,35.0,34.061951,34.97213
ITA,2005,All genders,25-55,37.5,36.329201,36.510189
ITA,2005,All genders,25-55,40.0,38.747879,38.801491
ITA,2005,All genders,25-55,42.5,41.126911,40.247551
ITA,2005,All genders,25-55,45.0,43.47961,42.104599
ITA,2005,All genders,25-55,47.5,45.779049,44.27327
ITA,2005,All genders,25-55,50.0,48.290932,46.35989
ITA,2005,All genders,25-55,52.5,50.550179,48.094131
ITA,2005,All genders,25-55,55.0,53.101231,50.02586
ITA,2005,All genders,25-55,57.5,55.625889,52.440868
ITA,2005,All genders,25-55,60.0,57.94746,54.648079
ITA,2005,All genders,25-55,62.5,60.46875,57.0368
ITA,2005,All genders,25-55,65.0,62.82082,58.918991
ITA,2005,All genders,25-55,67.5,65.374611,61.32766
ITA,2005,All genders,25-55,70.0,67.751167,64.053749
ITA,2005,All genders,25-55,72.5,70.349007,66.450897
ITA,2005,All genders,25-55,75.0,72.809723,68.948471
ITA,2005,All genders,25-55,77.5,75.333817,71.348282
ITA,2005,All genders,25-55,80.0,77.900589,73.883392
ITA,2005,All genders,25-55,82.5,80.327888,76.618736
ITA,2005,All genders,25-55,85.0,82.930771,79.145912
ITA,2005,All genders,25-55,87.5,85.520844,81.723511
ITA,2005,All genders,25-55,90.0,88.062851,84.493156
ITA,2005,All genders,25-55,92.5,90.708054,87.479187
ITA,2005,All genders,25-55,95.0,93.336731,90.076202
ITA,2005,All genders,25-55,97.5,95.870918,93.184189
ITA,2005,All genders,25-55,99.0,98.012733,95.956161
ITA,2005,All genders,25-55,99.90000000000001,99.355743,98.047157
ITA,2005,All genders,25-55,100.0,99.906593,98.955948
ITA,2006,All genders,25-55,2.5,2.1880579,10.51274
ITA,2006,All genders,25-55,5.0,5.1726112,14.24829
ITA,2006,All genders,25-55,7.5,7.936173,16.858471
ITA,2006,All genders,25-55,10.0,10.59074,18.467369
ITA,2006,All genders,25-55,12.5,13.0876,20.34437
ITA,2006,All genders,25-55,15.0,15.26836,22.361601
ITA,2006,All genders,25-55,17.5,17.640129,23.43594
ITA,2006,All genders,25-55,20.0,19.96979,25.049101
ITA,2006,All genders,25-55,22.5,22.26107,26.50568
ITA,2006,All genders,25-55,25.0,24.609949,28.10545
ITA,2006,All genders,25-55,27.5,26.98951,30.18854
ITA,2006,All genders,25-55,30.0,29.441719,31.99892
ITA,2006,All genders,25-55,32.5,31.67968,33.275551
ITA,2006,All genders,25-55,35.0,34.094971,35.038158
ITA,2006,All genders,25-55,37.5,36.51395,36.794491
ITA,2006,All genders,25-55,40.0,38.73624,38.764511
ITA,2006,All genders,25-55,42.5,41.115471,40.624119
ITA,2006,All genders,25-55,45.0,43.448738,42.344521
ITA,2006,All genders,25-55,47.5,45.977539,44.425941
ITA,2006,All genders,25-55,50.0,48.302528,46.032749
ITA,2006,All genders,25-55,52.5,50.738201,48.17675
ITA,2006,All genders,25-55,55.0,53.018921,50.359249
ITA,2006,All genders,25-55,57.5,55.500092,52.36623
ITA,2006,All genders,25-55,60.0,57.89278,54.379219
ITA,2006,All genders,25-55,62.5,60.294201,56.602741
ITA,2006,All genders,25-55,65.0,62.85144,59.123829
ITA,2006,All genders,25-55,67.5,65.311417,61.45229
ITA,2006,All genders,25-55,70.0,67.844841,63.87389
ITA,2006,All genders,25-55,72.5,70.221977,66.349586
ITA,2006,All genders,25-55,75.0,72.801323,68.508209
ITA,2006,All genders,25-55,77.5,75.318672,70.987396
ITA,2006,All genders,25-55,80.0,77.903328,74.050774
ITA,2006,All genders,25-55,82.5,80.435303,76.306976
ITA,2006,All genders,25-55,85.0,83.010681,79.01767
ITA,2006,All genders,25-55,87.5,85.560677,81.61927
ITA,2006,All genders,25-55,90.0,88.044838,84.486877
ITA,2006,All genders,25-55,92.5,90.704697,87.30616
ITA,2006,All genders,25-55,95.0,93.270126,89.985283
ITA,2006,All genders,25-55,97.5,95.883331,93.209953
ITA,2006,All genders,25-55,99.0,98.020866,95.877487
ITA,2006,All genders,25-55,99.90000000000001,99.305252,97.81031
ITA,2006,All genders,25-55,100.0,99.722183,99.024872
ITA,2007,All genders,25-55,2.5,2.176996,9.8683872
ITA,2007,All genders,25-55,5.0,5.1446028,13.5375
ITA,2007,All genders,25-55,7.5,7.8936729,15.95979
ITA,2007,All genders,25-55,10.0,10.54875,17.90144
ITA,2007,All genders,25-55,12.5,13.11227,19.82078
ITA,2007,All genders,25-55,15.0,15.51166,21.864479
ITA,2007,All genders,25-55,17.5,17.7789,23.47076
ITA,2007,All genders,25-55,20.0,20.119591,24.806669
ITA,2007,All genders,25-55,22.5,22.364941,26.53363
ITA,2007,All genders,25-55,25.0,24.66753,28.314779
ITA,2007,All genders,25-55,27.5,27.158001,30.01757
ITA,2007,All genders,25-55,30.0,29.395729,32.03046
ITA,2007,All genders,25-55,32.5,31.719231,33.511608
ITA,2007,All genders,25-55,35.0,34.210369,35.263039
ITA,2007,All genders,25-55,37.5,36.387539,36.792412
ITA,2007,All genders,25-55,40.0,38.666451,38.806358
ITA,2007,All genders,25-55,42.5,41.204319,40.78455
ITA,2007,All genders,25-55,45.0,43.466511,42.499401
ITA,2007,All genders,25-55,47.5,45.94265,44.463131
ITA,2007,All genders,25-55,50.0,48.22691,46.513748
ITA,2007,All genders,25-55,52.5,50.707352,48.06044
ITA,2007,All genders,25-55,55.0,52.991951,50.856491
ITA,2007,All genders,25-55,57.5,55.40313,52.523209
ITA,2007,All genders,25-55,60.0,57.927971,54.665051
ITA,2007,All genders,25-55,62.5,60.354401,57.00177
ITA,2007,All genders,25-55,65.0,62.801949,59.246181
ITA,2007,All genders,25-55,67.5,65.358253,61.363319
ITA,2007,All genders,25-55,70.0,67.787567,63.73716
ITA,2007,All genders,25-55,72.5,70.185493,66.396332
ITA,2007,All genders,25-55,75.0,72.760193,68.454247
ITA,2007,All genders,25-55,77.5,75.203949,71.187576
ITA,2007,All genders,25-55,80.0,77.735069,74.014168
ITA,2007,All genders,25-55,82.5,80.373573,76.668182
ITA,2007,All genders,25-55,85.0,82.867729,79.258186
ITA,2007,All genders,25-55,87.5,85.526649,81.830811
ITA,2007,All genders,25-55,90.0,88.067352,84.604088
ITA,2007,All genders,25-55,92.5,90.697983,87.440163
ITA,2007,All genders,25-55,95.0,93.285072,90.154793
ITA,2007,All genders,25-55,97.5,95.886757,93.222443
ITA,2007,All genders,25-55,99.0,98.004066,96.027786
ITA,2007,All genders,25-55,99.90000000000001,99.349426,97.757721
ITA,2007,All genders,25-55,100.0,99.913048,99.469299
ITA,2008,All genders,25-55,2.5,2.0792439,9.1917086
ITA,2008,All genders,25-55,5.0,5.1946988,12.92992
ITA,2008,All genders,25-55,7.5,8.0665512,15.4023
ITA,2008,All genders,25-55,10.0,10.71606,17.511749
ITA,2008,All genders,25-55,12.5,13.21898,19.55579
ITA,2008,All genders,25-55,15.0,15.86572,21.258421
ITA,2008,All genders,25-55,17.5,18.100241,23.32362
ITA,2008,All genders,25-55,20.0,20.490129,25.09223
ITA,2008,All genders,25-55,22.5,22.786909,26.624241
ITA,2008,All genders,25-55,25.0,25.02627,28.50766
ITA,2008,All genders,25-55,27.5,27.33354,30.129
ITA,2008,All genders,25-55,30.0,29.63516,31.87394
ITA,2008,All genders,25-55,32.5,31.97529,33.402149
ITA,2008,All genders,25-55,35.0,34.301552,35.281219
ITA,2008,All genders,25-55,37.5,36.52993,37.128368
ITA,2008,All genders,25-55,40.0,38.893181,39.019661
ITA,2008,All genders,25-55,42.5,41.14854,41.003319
ITA,2008,All genders,25-55,45.0,43.559029,42.827068
ITA,2008,All genders,25-55,47.5,45.78825,44.34433
ITA,2008,All genders,25-55,50.0,48.10006,46.787781
ITA,2008,All genders,25-55,52.5,50.444859,48.87328
ITA,2008,All genders,25-55,55.0,52.753208,50.621731
ITA,2008,All genders,25-55,57.5,55.303551,52.470631
ITA,2008,All genders,25-55,60.0,57.73016,54.689812
ITA,2008,All genders,25-55,62.5,60.088741,56.90387
ITA,2008,All genders,25-55,65.0,62.55875,59.291759
ITA,2008,All genders,25-55,67.5,64.94429,61.179451
ITA,2008,All genders,25-55,70.0,67.478943,63.818539
ITA,2008,All genders,25-55,72.5,69.925682,66.525383
ITA,2008,All genders,25-55,75.0,72.515182,68.789673
ITA,2008,All genders,25-55,77.5,75.061256,71.493874
ITA,2008,All genders,25-55,80.0,77.691841,74.008713
ITA,2008,All genders,25-55,82.5,80.278572,76.56295
ITA,2008,All genders,25-55,85.0,82.831589,79.340843
ITA,2008,All genders,25-55,87.5,85.418327,81.797813
ITA,2008,All genders,25-55,90.0,88.041153,84.837387
ITA,2008,All genders,25-55,92.5,90.592987,87.549797
ITA,2008,All genders,25-55,95.0,93.275978,90.368347
ITA,2008,All genders,25-55,97.5,95.852631,93.187683
ITA,2008,All genders,25-55,99.0,98.013351,95.888634
ITA,2008,All genders,25-55,99.90000000000001,99.348793,97.839409
ITA,2008,All genders,25-55,100.0,99.912407,99.296097
ITA,2009,All genders,25-55,2.5,2.0783041,8.9863529
ITA,2009,All genders,25-55,5.0,5.2119651,12.3041
ITA,2009,All genders,25-55,7.5,8.013423,15.30245
ITA,2009,All genders,25-55,10.0,10.60486,17.600611
ITA,2009,All genders,25-55,12.5,13.20557,19.52335
ITA,2009,All genders,25-55,15.0,15.60674,21.073311
ITA,2009,All genders,25-55,17.5,17.96954,22.80073
ITA,2009,All genders,25-55,20.0,20.117439,24.69908
ITA,2009,All genders,25-55,22.5,22.49333,26.546209
ITA,2009,All genders,25-55,25.0,24.924459,28.55825
ITA,2009,All genders,25-55,27.5,27.282841,30.36614
ITA,2009,All genders,25-55,30.0,29.51498,32.08511
ITA,2009,All genders,25-55,32.5,31.811211,33.891548
ITA,2009,All genders,25-55,35.0,34.132179,35.231049
ITA,2009,All genders,25-55,37.5,36.345779,37.337139
ITA,2009,All genders,25-55,40.0,38.766491,38.63554
ITA,2009,All genders,25-55,42.5,41.078289,41.171398
ITA,2009,All genders,25-55,45.0,43.372761,42.840618
ITA,2009,All genders,25-55,47.5,45.8624,44.70647
ITA,2009,All genders,25-55,50.0,48.18631,46.693111
ITA,2009,All genders,25-55,52.5,50.69067,48.810768
ITA,2009,All genders,25-55,55.0,52.94503,50.827332
ITA,2009,All genders,25-55,57.5,55.482979,52.754059
ITA,2009,All genders,25-55,60.0,57.805401,55.034081
ITA,2009,All genders,25-55,62.5,60.275299,56.97979
ITA,2009,All genders,25-55,65.0,62.681862,59.279549
ITA,2009,All genders,25-55,67.5,65.244423,60.917271
ITA,2009,All genders,25-55,70.0,67.6511,63.963261
ITA,2009,All genders,25-55,72.5,70.166382,66.297943
ITA,2009,All genders,25-55,75.0,72.604782,68.863571
ITA,2009,All genders,25-55,77.5,75.167282,71.424026
ITA,2009,All genders,25-55,80.0,77.720558,73.98217
ITA,2009,All genders,25-55,82.5,80.274986,76.629707
ITA,2009,All genders,25-55,85.0,82.933456,79.365143
ITA,2009,All genders,25-55,87.5,85.478539,82.001633
ITA,2009,All genders,25-55,90.0,88.069366,84.901299
ITA,2009,All genders,25-55,92.5,90.704514,87.497993
ITA,2009,All genders,25-55,95.0,93.257423,90.347321
ITA,2009,All genders,25-55,97.5,95.881973,93.21524
ITA,2009,All genders,25-55,99.0,98.011803,95.93734
ITA,2009,All genders,25-55,99.90000000000001,99.333656,97.932327
ITA,2009,All genders,25-55,100.0,99.917297,99.280083
ITA,2010,All genders,25-55,2.5,2.1370521,8.8486938
ITA,2010,All genders,25-55,5.0,5.090138,12.20584
ITA,2010,All genders,25-55,7.5,7.6009731,15.21493
ITA,2010,All genders,25-55,10.0,10.16195,17.4081
ITA,2010,All genders,25-55,12.5,12.72427,19.233049
ITA,2010,All genders,25-55,15.0,15.15373,20.836941
ITA,2010,All genders,25-55,17.5,17.64748,22.589279
ITA,2010,All genders,25-55,20.0,19.99507,24.79166
ITA,2010,All genders,25-55,22.5,22.32555,26.502081
ITA,2010,All genders,25-55,25.0,24.74633,28.26757
ITA,2010,All genders,25-55,27.5,27.00712,29.990549
ITA,2010,All genders,25-55,30.0,29.47488,31.975479
ITA,2010,All genders,25-55,32.5,31.825159,33.567451
ITA,2010,All genders,25-55,35.0,34.208721,35.586361
ITA,2010,All genders,25-55,37.5,36.59523,37.412701
ITA,2010,All genders,25-55,40.0,39.02478,39.131458
ITA,2010,All genders,25-55,42.5,41.27248,41.202541
ITA,2010,All genders,25-55,45.0,43.709751,42.9935
ITA,2010,All genders,25-55,47.5,45.804932,44.661018
ITA,2010,All genders,25-55,50.0,48.358219,47.220798
ITA,2010,All genders,25-55,52.5,50.59584,48.85812
ITA,2010,All genders,25-55,55.0,53.05925,50.743591
ITA,2010,All genders,25-55,57.5,55.441158,52.73288
ITA,2010,All genders,25-55,60.0,58.099739,54.951229
ITA,2010,All genders,25-55,62.5,60.50708,56.720119
ITA,2010,All genders,25-55,65.0,62.831589,59.58997
ITA,2010,All genders,25-55,67.5,65.292641,61.184631
ITA,2010,All genders,25-55,70.0,67.702873,64.054977
ITA,2010,All genders,25-55,72.5,70.204063,66.34581
ITA,2010,All genders,25-55,75.0,72.838158,68.82
ITA,2010,All genders,25-55,77.5,75.320396,71.356743
ITA,2010,All genders,25-55,80.0,77.747124,74.216667
ITA,2010,All genders,25-55,82.5,80.496857,76.641541
ITA,2010,All genders,25-55,85.0,82.996986,79.559097
ITA,2010,All genders,25-55,87.5,85.566727,82.08567
ITA,2010,All genders,25-55,90.0,88.146317,85.01387
ITA,2010,All genders,25-55,92.5,90.710449,87.483032
ITA,2010,All genders,25-55,95.0,93.271004,90.137009
ITA,2010,All genders,25-55,97.5,95.913544,93.220177
ITA,2010,All genders,25-55,99.0,98.026703,95.980217
ITA,2010,All genders,25-55,99.90000000000001,99.341164,98.051239
ITA,2010,All genders,25-55,100.0,99.921501,99.648537
ITA,2011,All genders,25-55,2.5,1.978434,8.8889771
ITA,2011,All genders,25-55,5.0,4.9682441,11.86263
ITA,2011,All genders,25-55,7.5,7.6242638,14.60369
ITA,2011,All genders,25-55,10.0,10.31258,16.99626
ITA,2011,All genders,25-55,12.5,12.78615,18.842529
ITA,2011,All genders,25-55,15.0,15.27391,20.827181
ITA,2011,All genders,25-55,17.5,17.659321,22.905109
ITA,2011,All genders,25-55,20.0,20.197149,24.459641
ITA,2011,All genders,25-55,22.5,22.531969,26.461941
ITA,2011,All genders,25-55,25.0,24.880711,28.185381
ITA,2011,All genders,25-55,27.5,27.269461,29.943411
ITA,2011,All genders,25-55,30.0,29.621519,31.467409
ITA,2011,All genders,25-55,32.5,31.721889,33.52076
ITA,2011,All genders,25-55,35.0,34.154079,35.344688
ITA,2011,All genders,25-55,37.5,36.400101,37.165249
ITA,2011,All genders,25-55,40.0,38.749119,39.159569
ITA,2011,All genders,25-55,42.5,41.342709,41.301731
ITA,2011,All genders,25-55,45.0,43.464691,43.192009
ITA,2011,All genders,25-55,47.5,45.943352,45.02869
ITA,2011,All genders,25-55,50.0,48.305779,47.25383
ITA,2011,All genders,25-55,52.5,50.638809,48.874722
ITA,2011,All genders,25-55,55.0,53.15274,50.92429
ITA,2011,All genders,25-55,57.5,55.508961,52.907841
ITA,2011,All genders,25-55,60.0,57.877159,55.19384
ITA,2011,All genders,25-55,62.5,60.368561,57.09296
ITA,2011,All genders,25-55,65.0,62.790699,59.262779
ITA,2011,All genders,25-55,67.5,65.23671,61.956982
ITA,2011,All genders,25-55,70.0,67.761627,64.181908
ITA,2011,All genders,25-55,72.5,70.227997,66.542183
ITA,2011,All genders,25-55,75.0,72.682449,69.125977
ITA,2011,All genders,25-55,77.5,75.267448,71.787453
ITA,2011,All genders,25-55,80.0,77.833488,74.109802
ITA,2011,All genders,25-55,82.5,80.398956,76.719437
ITA,2011,All genders,25-55,85.0,82.980904,79.509323
ITA,2011,All genders,25-55,87.5,85.550087,82.057472
ITA,2011,All genders,25-55,90.0,88.172523,84.571327
ITA,2011,All genders,25-55,92.5,90.733017,87.416527
ITA,2011,All genders,25-55,95.0,93.353203,90.506447
ITA,2011,All genders,25-55,97.5,95.892723,93.212082
ITA,2011,All genders,25-55,99.0,98.015892,96.022491
ITA,2011,All genders,25-55,99.90000000000001,99.338203,97.985237
ITA,2011,All genders,25-55,100.0,99.920021,99.467972
ITA,2012,All genders,25-55,2.5,1.986553,
ITA,2012,All genders,25-55,5.0,4.946291,
ITA,2012,All genders,25-55,7.5,7.6079178,
ITA,2012,All genders,25-55,10.0,10.18021,
ITA,2012,All genders,25-55,12.5,12.81663,
ITA,2012,All genders,25-55,15.0,15.33965,
ITA,2012,All genders,25-55,17.5,17.76256,
ITA,2012,All genders,25-55,20.0,20.067209,
ITA,2012,All genders,25-55,22.5,22.47761,
ITA,2012,All genders,25-55,25.0,24.851339,
ITA,2012,All genders,25-55,27.5,27.117941,
ITA,2012,All genders,25-55,30.0,29.386629,
ITA,2012,All genders,25-55,32.5,31.77771,
ITA,2012,All genders,25-55,35.0,34.105492,
ITA,2012,All genders,25-55,37.5,36.51062,
ITA,2012,All genders,25-55,40.0,38.791061,
ITA,2012,All genders,25-55,42.5,41.20557,
ITA,2012,All genders,25-55,45.0,43.684471,
ITA,2012,All genders,25-55,47.5,45.82505,
ITA,2012,All genders,25-55,50.0,48.26305,
ITA,2012,All genders,25-55,52.5,50.608608,
ITA,2012,All genders,25-55,55.0,53.133999,
ITA,2012,All genders,25-55,57.5,55.665199,
ITA,2012,All genders,25-55,60.0,58.069031,
ITA,2012,All genders,25-55,62.5,60.357189,
ITA,2012,All genders,25-55,65.0,62.860149,
ITA,2012,All genders,25-55,67.5,65.296738,
ITA,2012,All genders,25-55,70.0,67.837471,
ITA,2012,All genders,25-55,72.5,70.30069,
ITA,2012,All genders,25-55,75.0,72.793159,
ITA,2012,All genders,25-55,77.5,75.310051,
ITA,2012,All genders,25-55,80.0,77.776268,
ITA,2012,All genders,25-55,82.5,80.431152,
ITA,2012,All genders,25-55,85.0,82.921051,
ITA,2012,All genders,25-55,87.5,85.566513,
ITA,2012,All genders,25-55,90.0,88.140129,
ITA,2012,All genders,25-55,92.5,90.695282,
ITA,2012,All genders,25-55,95.0,93.308319,
ITA,2012,All genders,25-55,97.5,95.872757,
ITA,2012,All genders,25-55,99.0,97.99781,
ITA,2012,All genders,25-55,99.90000000000001,99.313858,
ITA,2012,All genders,25-55,100.0,99.896751,
ITA,2013,All genders,25-55,2.5,2.0160999,
ITA,2013,All genders,25-55,5.0,4.9310312,
ITA,2013,All genders,25-55,7.5,7.5201311,
ITA,2013,All genders,25-55,10.0,10.12386,
ITA,2013,All genders,25-55,12.5,12.65156,
ITA,2013,All genders,25-55,15.0,15.0758,
ITA,2013,All genders,25-55,17.5,17.495489,
ITA,2013,All genders,25-55,20.0,20.042509,
ITA,2013,All genders,25-55,22.5,22.36524,
ITA,2013,All genders,25-55,25.0,24.60198,
ITA,2013,All genders,25-55,27.5,27.010759,
ITA,2013,All genders,25-55,30.0,29.351299,
ITA,2013,All genders,25-55,32.5,31.74,
ITA,2013,All genders,25-55,35.0,34.120941,
ITA,2013,All genders,25-55,37.5,36.571781,
ITA,2013,All genders,25-55,40.0,38.925339,
ITA,2013,All genders,25-55,42.5,41.360001,
ITA,2013,All genders,25-55,45.0,43.712059,
ITA,2013,All genders,25-55,47.5,46.149139,
ITA,2013,All genders,25-55,50.0,48.432072,
ITA,2013,All genders,25-55,52.5,50.754532,
ITA,2013,All genders,25-55,55.0,53.330311,
ITA,2013,All genders,25-55,57.5,55.473492,
ITA,2013,All genders,25-55,60.0,57.91431,
ITA,2013,All genders,25-55,62.5,60.41,
ITA,2013,All genders,25-55,65.0,62.87466,
ITA,2013,All genders,25-55,67.5,65.293678,
ITA,2013,All genders,25-55,70.0,67.909348,
ITA,2013,All genders,25-55,72.5,70.415207,
ITA,2013,All genders,25-55,75.0,72.801323,
ITA,2013,All genders,25-55,77.5,75.358963,
ITA,2013,All genders,25-55,80.0,77.923721,
ITA,2013,All genders,25-55,82.5,80.453377,
ITA,2013,All genders,25-55,85.0,82.930252,
ITA,2013,All genders,25-55,87.5,85.529907,
ITA,2013,All genders,25-55,90.0,88.145477,
ITA,2013,All genders,25-55,92.5,90.722794,
ITA,2013,All genders,25-55,95.0,93.292068,
ITA,2013,All genders,25-55,97.5,95.888786,
ITA,2013,All genders,25-55,99.0,98.019707,
ITA,2013,All genders,25-55,99.90000000000001,99.340019,
ITA,2013,All genders,25-55,100.0,99.914886,
ITA,2014,All genders,25-55,2.5,2.06305,
ITA,2014,All genders,25-55,5.0,4.9379988,
ITA,2014,All genders,25-55,7.5,7.510716,
ITA,2014,All genders,25-55,10.0,10.04018,
ITA,2014,All genders,25-55,12.5,12.56222,
ITA,2014,All genders,25-55,15.0,15.01864,
ITA,2014,All genders,25-55,17.5,17.337061,
ITA,2014,All genders,25-55,20.0,19.91445,
ITA,2014,All genders,25-55,22.5,22.210871,
ITA,2014,All genders,25-55,25.0,24.59277,
ITA,2014,All genders,25-55,27.5,27.032721,
ITA,2014,All genders,25-55,30.0,29.34276,
ITA,2014,All genders,25-55,32.5,31.68981,
ITA,2014,All genders,25-55,35.0,34.2616,
ITA,2014,All genders,25-55,37.5,36.561642,
ITA,2014,All genders,25-55,40.0,38.84647,
ITA,2014,All genders,25-55,42.5,41.28244,
ITA,2014,All genders,25-55,45.0,43.609058,
ITA,2014,All genders,25-55,47.5,46.021889,
ITA,2014,All genders,25-55,50.0,48.522011,
ITA,2014,All genders,25-55,52.5,50.75668,
ITA,2014,All genders,25-55,55.0,53.226768,
ITA,2014,All genders,25-55,57.5,55.64418,
ITA,2014,All genders,25-55,60.0,58.035881,
ITA,2014,All genders,25-55,62.5,60.428768,
ITA,2014,All genders,25-55,65.0,62.95256,
ITA,2014,All genders,25-55,67.5,65.415337,
ITA,2014,All genders,25-55,70.0,67.882446,
ITA,2014,All genders,25-55,72.5,70.38308,
ITA,2014,All genders,25-55,75.0,72.901619,
ITA,2014,All genders,25-55,77.5,75.413597,
ITA,2014,All genders,25-55,80.0,77.906769,
ITA,2014,All genders,25-55,82.5,80.529289,
ITA,2014,All genders,25-55,85.0,83.022919,
ITA,2014,All genders,25-55,87.5,85.589546,
ITA,2014,All genders,25-55,90.0,88.167648,
ITA,2014,All genders,25-55,92.5,90.794693,
ITA,2014,All genders,25-55,95.0,93.285187,
ITA,2014,All genders,25-55,97.5,95.915207,
ITA,2014,All genders,25-55,99.0,98.03804,
ITA,2014,All genders,25-55,99.90000000000001,99.348244,
ITA,2014,All genders,25-55,100.0,99.922073,
ITA,2015,All genders,25-55,2.5,2.1718409,
ITA,2015,All genders,25-55,5.0,4.9741259,
ITA,2015,All genders,25-55,7.5,7.497272,
ITA,2015,All genders,25-55,10.0,10.01442,
ITA,2015,All genders,25-55,12.5,12.59293,
ITA,2015,All genders,25-55,15.0,14.98724,
ITA,2015,All genders,25-55,17.5,17.468031,
ITA,2015,All genders,25-55,20.0,19.831791,
ITA,2015,All genders,25-55,22.5,22.19203,
ITA,2015,All genders,25-55,25.0,24.619431,
ITA,2015,All genders,25-55,27.5,26.899981,
ITA,2015,All genders,25-55,30.0,29.243589,
ITA,2015,All genders,25-55,32.5,31.563471,
ITA,2015,All genders,25-55,35.0,33.982578,
ITA,2015,All genders,25-55,37.5,36.369068,
ITA,2015,All genders,25-55,40.0,38.83741,
ITA,2015,All genders,25-55,42.5,41.266151,
ITA,2015,All genders,25-55,45.0,43.650661,
ITA,2015,All genders,25-55,47.5,46.199211,
ITA,2015,All genders,25-55,50.0,48.488529,
ITA,2015,All genders,25-55,52.5,50.73386,
ITA,2015,All genders,25-55,55.0,53.15593,
ITA,2015,All genders,25-55,57.5,55.63063,
ITA,2015,All genders,25-55,60.0,58.050781,
ITA,2015,All genders,25-55,62.5,60.57502,
ITA,2015,All genders,25-55,65.0,63.036301,
ITA,2015,All genders,25-55,67.5,65.468048,
ITA,2015,All genders,25-55,70.0,68.012161,
ITA,2015,All genders,25-55,72.5,70.449318,
ITA,2015,All genders,25-55,75.0,72.990097,
ITA,2015,All genders,25-55,77.5,75.423073,
ITA,2015,All genders,25-55,80.0,77.966599,
ITA,2015,All genders,25-55,82.5,80.454689,
ITA,2015,All genders,25-55,85.0,83.036919,
ITA,2015,All genders,25-55,87.5,85.593224,
ITA,2015,All genders,25-55,90.0,88.187119,
ITA,2015,All genders,25-55,92.5,90.745331,
ITA,2015,All genders,25-55,95.0,93.321548,
ITA,2015,All genders,25-55,97.5,95.909088,
ITA,2015,All genders,25-55,99.0,98.069,
ITA,2015,All genders,25-55,99.90000000000001,99.363983,
ITA,2015,All genders,25-55,100.0,99.915482,
