country,year,gender,age,share_first_quintile_inc,share_second_quintile_inc,share_third_quintile_inc,share_fourth_quintile_inc,share_fifth_quintile_inc,share_bottom50_inc,share_top10_pct_inc,share_top5_pct_inc,share_top1_pct_inc,share_top0_5_pct_inc,share_top0_1_pct_inc,share_top0_01_pct_inc,gini_coefficient,Pareto_tail_index_5pct,Pareto_tail_index_1pct,nobs_log_inc,mean_log_inc,std_log_inc,kelley_log_inc,crows_log_inc,p1_log_inc,p2_5_log_inc,p5_log_inc,p10_log_inc,p12_5_log_inc,p25_log_inc,p37_5_log_inc,p50_log_inc,p62_5_log_inc,p75_log_inc,p87_5_log_inc,p90_log_inc,p95_log_inc,p97_5_log_inc,p99_log_inc,p99_9_log_inc,p99_99_log_inc,p9010_log_inc,p9050_log_inc,p5010_log_inc,nobs_res_log_inc,mean_res_log_inc,std_res_log_inc,kelley_res_log_inc,crows_res_log_inc,p1_res_log_inc,p2_5_res_log_inc,p5_res_log_inc,p10_res_log_inc,p12_5_res_log_inc,p25_res_log_inc,p37_5_res_log_inc,p50_res_log_inc,p62_5_res_log_inc,p75_res_log_inc,p87_5_res_log_inc,p90_res_log_inc,p95_res_log_inc,p97_5_res_log_inc,p99_res_log_inc,p99_9_res_log_inc,p99_99_res_log_inc,p9010_res_log_inc,p9050_res_log_inc,p5010_res_log_inc,autocorr_lag1_res_log_inc,autocorr_lag2_res_log_inc,autocorr_lag3_res_log_inc,autocorr_lag4_res_log_inc,autocorr_lag5_res_log_inc,nobs_log_perm_inc,mean_log_perm_inc,std_log_perm_inc,kelley_log_perm_inc,crows_log_perm_inc,p1_log_perm_inc,p2_5_log_perm_inc,p5_log_perm_inc,p10_log_perm_inc,p12_5_log_perm_inc,p25_log_perm_inc,p37_5_log_perm_inc,p50_log_perm_inc,p62_5_log_perm_inc,p75_log_perm_inc,p87_5_log_perm_inc,p90_log_perm_inc,p95_log_perm_inc,p97_5_log_perm_inc,p99_log_perm_inc,p99_9_log_perm_inc,p99_99_log_perm_inc,p9010_log_perm_inc,p9050_log_perm_inc,p5010_log_perm_inc,nobs_res_1yr_log_chg,mean_res_1yr_log_chg,std_res_1yr_log_chg,skew_res_1yr_log_chg,kurt_res_1yr_log_chg,kelley_res_1yr_log_chg,crows_res_1yr_log_chg,p1_res_1yr_log_chg,p2_5_res_1yr_log_chg,p5_res_1yr_log_chg,p10_res_1yr_log_chg,p12_5_res_1yr_log_chg,p25_res_1yr_log_chg,p37_5_res_1yr_log_chg,p50_res_1yr_log_chg,p62_5_res_1yr_log_chg,p75_res_1yr_log_chg,p87_5_res_1yr_log_chg,p90_res_1yr_log_chg,p95_res_1yr_log_chg,p97_5_res_1yr_log_chg,p99_res_1yr_log_chg,p99_9_res_1yr_log_chg,p99_99_res_1yr_log_chg,p9010_res_1yr_log_chg,p9050_res_1yr_log_chg,p5010_res_1yr_log_chg,autocorr_lag1_res_1yr_log_chg,autocorr_lag2_res_1yr_log_chg,autocorr_lag3_res_1yr_log_chg,autocorr_lag4_res_1yr_log_chg,autocorr_lag5_res_1yr_log_chg,nobs_res_5yr_log_chg,mean_res_5yr_log_chg,std_res_5yr_log_chg,skew_res_5yr_log_chg,kurt_res_5yr_log_chg,kelley_res_5yr_log_chg,crows_res_5yr_log_chg,p1_res_5yr_log_chg,p2_5_res_5yr_log_chg,p5_res_5yr_log_chg,p10_res_5yr_log_chg,p12_5_res_5yr_log_chg,p25_res_5yr_log_chg,p37_5_res_5yr_log_chg,p50_res_5yr_log_chg,p62_5_res_5yr_log_chg,p75_res_5yr_log_chg,p87_5_res_5yr_log_chg,p90_res_5yr_log_chg,p95_res_5yr_log_chg,p97_5_res_5yr_log_chg,p99_res_5yr_log_chg,p99_9_res_5yr_log_chg,p99_99_res_5yr_log_chg,p9010_res_5yr_log_chg,p9050_res_5yr_log_chg,p5010_res_5yr_log_chg
ITA,1985,All genders,25-55,6.1214991,15.348463,21.502586,23.780657,36.754204,30.427357,22.241234,13.728073,4.396946,2.6087656,0.72861022,0.19241974,0.29607016,-3.5307503,-3.9988215,614048.0,9.8205051,0.76262891,-0.39911538,5.6909213,7.167788,7.6377912,8.1974068,8.8164463,9.024086,9.6526947,9.8890829,9.9891663,10.10164,10.22179,10.42588,10.49282,10.67034,10.87647,11.22131,11.81793,12.17709,1.6763735,0.50365353,1.17272,614048.0,-0.000000000197,0.73115462,-0.40600973,5.1483755,-2.6472809,-2.0556109,-1.537251,-0.93947428,-0.73549068,-0.17000531,0.027261,0.16612931,0.29006609,0.4188118,0.58420658,0.63320839,0.79437947,0.97584081,1.239295,1.815102,2.1943691,1.5726826,0.4670791,1.1056036,,,,,,,,,,,,,,,,,,,,,,,,,,,,,,,547335.0,-0.0109253,0.44454989,0.2019341,20.371149,0.071821727,16.905073,-1.637803,-1.028194,-0.56220961,-0.2278174,-0.1642188,-0.071564101,-0.041018501,-0.017432701,0.0088975001,0.048790298,0.1630718,0.22551081,0.54345417,1.0064059,1.585266,2.9152839,4.338438,0.45332819,0.24294351,0.2103847,,,,,,406141.0,0.016884601,0.54990441,0.70359182,15.81024,0.2046556,9.5336752,-1.763239,-1.125128,-0.66216958,-0.32601619,-0.2604928,-0.1353125,-0.074659303,-0.022221601,0.036074299,0.1253188,0.34216729,0.43791601,0.84278268,1.359646,2.010669,3.828232,4.4973202,0.76393223,0.46013761,0.30379459
ITA,1986,All genders,25-55,6.0470195,15.815811,20.123407,24.438602,36.877972,31.571682,22.72603,14.112843,4.5596037,2.6952031,0.74695921,0.25329629,0.29912445,-3.4274464,-3.9036653,615126.0,9.8294373,0.75727421,-0.40252638,5.6542158,7.1111851,7.6989708,8.2097969,8.833951,9.0570946,9.6606302,9.8837738,10.00156,10.09687,10.22913,10.43622,10.49896,10.68353,10.91339,11.26065,11.8665,12.16488,1.6650085,0.49739933,1.1676092,615126.0,-0.000000000532,0.72143978,-0.39230388,5.1495075,-2.6133089,-2.05036,-1.518731,-0.92447948,-0.71427763,-0.17575391,0.0154919,0.1576806,0.28583539,0.41347429,0.57830238,0.63000888,0.79818207,0.98387498,1.259372,1.845274,2.1646659,1.5544884,0.47232828,1.0821601,0.67881435,,,,,,,,,,,,,,,,,,,,,,,,,,,,,,530764.0,0.0042641,0.4395912,-0.096506096,18.50024,0.057834938,15.843837,-1.61062,-1.009992,-0.55045962,-0.2182451,-0.1557072,-0.058023501,-0.026555501,-0.0018768,0.0262948,0.070841499,0.1785524,0.2410551,0.5676555,1.031724,1.592307,2.65185,4.1515141,0.45930022,0.2429319,0.2163683,,,,,,409462.0,0.0218515,0.54544628,0.41134071,13.82483,0.15508848,9.1371403,-1.777161,-1.149892,-0.68425089,-0.34262139,-0.27157751,-0.1320489,-0.066180199,-0.0094128,0.053123601,0.1439437,0.35140491,0.44612059,0.85612428,1.371891,1.987083,3.2425981,4.4299412,0.78874195,0.45553339,0.33320859
ITA,1987,All genders,25-55,5.7585115,15.589934,19.799335,23.34642,38.320484,30.306957,23.647675,14.735815,4.7965779,2.8317726,0.77714419,0.37181091,0.31400299,-3.2989154,-3.7255571,602382.0,9.8566027,0.77395189,-0.38891584,5.2737741,7.2471261,7.7579522,8.2279549,8.8226624,9.0107145,9.660059,9.8980179,10.03008,10.1375,10.27565,10.49232,10.56131,10.76857,11.00444,11.35526,11.98332,12.18758,1.7386475,0.53122997,1.2074175,602382.0,-0.000000000032499999,0.73426628,-0.37458849,4.9394159,-2.59234,-2.0499279,-1.5333101,-0.96059859,-0.75704598,-0.2010019,0.0072385999,0.15598319,0.28974909,0.42569569,0.60883552,0.66400659,0.84395528,1.045592,1.311952,1.916443,2.263386,1.6246052,0.50802338,1.1165818,0.67764741,0.61219633,,,,542763.0,0.00000000027300001,0.56575972,-0.24916691,4.5002809,-1.918486,-1.4709589,-1.095342,-0.68865699,-0.5581935,-0.2065772,-0.041621398,0.084778599,0.20094091,0.32425389,0.495653,0.54966527,0.72297168,0.91793001,1.200883,1.755179,2.039129,1.2383223,0.46488667,0.77343559,528637.0,0.0036889,0.43941361,0.0196505,17.42831,0.1632559,15.683056,-1.593102,-0.99820971,-0.54210317,-0.20948499,-0.15126631,-0.066973299,-0.036915999,-0.0120692,0.0175281,0.064576998,0.193728,0.26238161,0.60491991,1.064901,1.60334,2.617722,3.826658,0.47186661,0.27445081,0.1974158,-0.17792813,,,,,411135.0,0.0075735999,0.55569983,0.1585988,13.23024,0.10444976,9.2572546,-1.866251,-1.2430249,-0.75188571,-0.3821972,-0.30023301,-0.14087901,-0.0707267,-0.0132714,0.0494528,0.1394096,0.34653959,0.44171149,0.84913421,1.351678,1.9428281,3.1660631,4.36902,0.82390869,0.45498288,0.36892581
ITA,1988,All genders,25-55,5.8346124,14.978685,18.886425,23.999147,38.776257,29.401377,23.910599,15.008057,4.8405161,2.8517745,0.77003092,0.3172186,0.31891143,-3.3510268,-3.9162018,605122.0,9.8782434,0.77545631,-0.36961362,5.2630367,7.1977811,7.7086072,8.2392349,8.8400087,9.0436077,9.6687012,9.9058313,10.04075,10.15961,10.30386,10.52402,10.59341,10.79965,11.05147,11.39498,12.00317,12.21396,1.7534008,0.55265999,1.2007408,605122.0,-0.00000000027700001,0.73192501,-0.35689652,4.8056993,-2.551203,-2.0306151,-1.526475,-0.95061707,-0.74991512,-0.2136867,-0.002136,0.1511424,0.28764471,0.42839429,0.6165415,0.67332321,0.85733539,1.055033,1.319059,1.902467,2.1241241,1.6239402,0.5221808,1.1017594,0.68037075,0.61180526,0.57294023,,,542019.0,-0.00000000071700001,0.56990921,-0.23252767,4.4125047,-1.907614,-1.464872,-1.097795,-0.69681388,-0.56560868,-0.2179421,-0.049885299,0.080487996,0.20023599,0.32878461,0.50866789,0.56449962,0.74545968,0.94756222,1.227501,1.785603,2.0401831,1.2613134,0.48401162,0.77730191,537793.0,-0.001295,0.43755639,0.1509231,16.9125,0.135149,15.216131,-1.571056,-0.99360019,-0.5424149,-0.22522239,-0.16546731,-0.075946704,-0.0422724,-0.016623501,0.0131775,0.059774801,0.1871106,0.25717029,0.59659278,1.071556,1.622798,2.6062541,3.7838931,0.48239267,0.27379379,0.2085989,-0.18759502,-0.047621474,,,,409926.0,-0.0166841,0.55761981,-0.043654501,12.95709,0.0051855985,9.8412342,-1.9615541,-1.3284039,-0.82178468,-0.4312067,-0.33661351,-0.14838199,-0.072518602,-0.0179152,0.038920801,0.1180357,0.31027511,0.399685,0.78764552,1.293475,1.891035,3.0467501,4.5443602,0.83089173,0.41760018,0.41329151
ITA,1989,All genders,25-55,5.8408003,15.018914,18.782598,23.728109,38.909077,29.599455,24.024319,15.118476,4.9213462,2.9027126,0.78151429,0.40530956,0.31929985,-3.7886767,-5.2622123,618846.0,9.8986425,0.76395929,-0.34839904,5.2391934,7.291214,7.8302112,8.2897434,8.871665,9.0829744,9.702013,9.9096527,10.04578,10.16559,10.32204,10.5438,10.61316,10.82594,11.07865,11.41835,12.05217,12.2226,1.7414951,0.56737995,1.1741152,618846.0,-0.00000000103,0.71945387,-0.34744397,4.7994237,-2.494457,-1.999229,-1.510036,-0.933873,-0.73102891,-0.2158417,-0.0076124999,0.1447278,0.28030789,0.41927499,0.60786593,0.66708529,0.85328799,1.048965,1.321359,1.912235,2.105479,1.6009583,0.52235746,1.0786008,0.67803508,0.62335235,0.58005577,0.54956824,,551568.0,-0.000000000195,0.56715947,-0.20960963,4.3472123,-1.871828,-1.438959,-1.082412,-0.68544608,-0.56144691,-0.2263301,-0.056425001,0.074118502,0.1954558,0.3260923,0.51286632,0.57043773,0.75606418,0.96253842,1.243769,1.801084,2.0255761,1.2558838,0.49631923,0.75956458,550839.0,0.013256,0.44124439,0.046333499,16.266991,0.091958456,15.590623,-1.592083,-1.0190181,-0.55147529,-0.2139466,-0.1520949,-0.056489099,-0.024920801,0.0020186,0.034440301,0.079246402,0.1945256,0.2617259,0.6087907,1.097183,1.643919,2.6118231,3.4149439,0.47567248,0.2597073,0.2159652,-0.18899186,-0.057531342,-0.017141715,,,415623.0,-0.021846799,0.54948509,-0.2498053,12.86819,-0.05545453,10.277883,-1.978736,-1.3607759,-0.85338688,-0.44099501,-0.33526379,-0.1368953,-0.063686699,-0.0120083,0.041611802,0.1157657,0.2899265,0.37189969,0.73860443,1.236044,1.830564,2.9268601,4.1592212,0.8128947,0.383908,0.4289867
ITA,1990,All genders,25-55,5.7172222,14.20027,19.488705,23.421265,39.170952,28.934986,24.574507,15.383999,4.9551854,2.932539,0.78554893,0.410763,0.32772675,-3.3160484,-3.7712846,639140.0,9.9028025,0.77724451,-0.33911005,5.1574802,7.3621788,7.7676439,8.2784691,8.8662558,9.066927,9.689456,9.9077101,10.05342,10.18058,10.33898,10.571,10.63932,10.86247,11.11755,11.45025,12.07058,12.23738,1.7730646,0.58590031,1.1871643,639140.0,0.00000000042199999,0.73357868,-0.33806604,4.6702986,-2.532012,-2.019033,-1.536809,-0.95961517,-0.76088291,-0.2301016,-0.0134307,0.1471073,0.2872248,0.43304551,0.63492298,0.69459689,0.88140321,1.0780621,1.3378299,1.910007,2.101697,1.654212,0.54748958,1.1067225,0.6711514,0.62105244,0.5864988,0.55319208,0.5323084,565135.0,0.000000000454,0.56575072,-0.19169717,4.2729311,-1.857905,-1.422447,-1.06812,-0.68182379,-0.56168658,-0.2337552,-0.063177601,0.068671897,0.19309629,0.32697621,0.51966649,0.57771713,0.76568758,0.97351968,1.245887,1.801785,2.004092,1.2595409,0.50904524,0.75049567,568433.0,-0.0002949,0.44551349,-0.0197728,15.23323,0.016683914,14.966741,-1.61412,-1.060346,-0.60141373,-0.25528741,-0.183203,-0.071708001,-0.0343218,-0.0043176999,0.027315799,0.071638301,0.18975949,0.25516841,0.61438292,1.085081,1.60732,2.5837879,3.2617381,0.51045585,0.25948611,0.25096971,-0.18606398,-0.043533593,-0.016130129,-0.013605958,,425855.0,-0.023910001,0.54001731,-0.1211272,12.24524,-0.010019291,10.187711,-1.9284329,-1.3324161,-0.83894747,-0.42426541,-0.32453951,-0.1451229,-0.074356601,-0.021641601,0.032483701,0.1078085,0.28675541,0.37299421,0.75246662,1.2443759,1.822994,2.869118,3.8095579,0.79725963,0.39463583,0.4026238
ITA,1991,All genders,25-55,5.552372,14.190427,19.129263,23.444941,39.439297,28.367279,24.598257,15.497923,4.9498668,2.9001136,0.77070212,0.36186665,0.33081269,-3.3837378,-4.0174136,651275.0,9.9345465,0.78120941,-0.33527714,5.0344706,7.3015542,7.7870622,8.3131552,8.8856745,9.0933132,9.7107487,9.9316425,10.08192,10.21933,10.38117,10.60661,10.67743,10.89887,11.16228,11.50063,12.08592,12.26265,1.7917557,0.59551048,1.1962452,651275.0,-0.000000000041199998,0.73960829,-0.32683152,4.5947351,-2.529978,-2.028667,-1.543103,-0.96347779,-0.76645792,-0.2386588,-0.0160701,0.14480589,0.2877281,0.4397313,0.64752871,0.70709401,0.89383823,1.088356,1.35568,1.903277,2.1248591,1.6705718,0.56228811,1.1082836,0.68051428,0.62248862,0.59134907,0.56710315,0.53888679,583671.0,-0.00000000053400001,0.57110238,-0.18584137,4.1707339,-1.853398,-1.420825,-1.073222,-0.69367188,-0.57415313,-0.2425831,-0.068505101,0.068077102,0.19517051,0.33413139,0.53274113,0.59106821,0.77637118,0.98449773,1.256709,1.796569,2.0016229,1.2847401,0.52299112,0.76174897,575421.0,-0.0115195,0.4483479,-0.27850369,15.32283,-0.037915863,15.716728,-1.676348,-1.112849,-0.64212823,-0.27855799,-0.1958909,-0.0723636,-0.035296001,-0.0078397999,0.022198901,0.064893402,0.1775991,0.2430993,0.58506149,1.044382,1.5712579,2.5434129,3.317946,0.52165729,0.2509391,0.27071819,-0.18776202,-0.05201738,-0.014948298,-0.011540159,-0.0062014102,435490.0,-0.023229999,0.53572369,-0.1904254,12.53238,-0.013799469,9.9791803,-1.903617,-1.324458,-0.83153403,-0.42292801,-0.32405761,-0.1437614,-0.072906502,-0.019148501,0.035443399,0.1106176,0.28843519,0.37363881,0.74052519,1.214036,1.786942,2.8552799,3.8629341,0.79656684,0.39278731,0.40377951
ITA,1992,All genders,25-55,5.5477781,14.370111,18.405764,23.378613,39.999798,28.284142,25.004091,15.732978,5.0468302,2.9541421,0.77803284,0.40526599,0.33479252,-3.9143517,-5.6284146,655730.0,9.9284821,0.78254467,-0.30667484,4.9322348,7.3679729,7.8098059,8.3062429,8.9084187,9.0827713,9.6925373,9.9243393,10.06859,10.20119,10.37475,10.60883,10.68418,10.91375,11.17464,11.50934,12.10612,12.25665,1.7757616,0.6155901,1.1601715,655730.0,0.00000000013199999,0.74198979,-0.31182837,4.6203446,-2.54968,-2.033427,-1.536224,-0.95687997,-0.76274711,-0.244028,-0.0210161,0.1413243,0.28478569,0.4372173,0.65289289,0.71743089,0.91377908,1.114161,1.373404,1.934696,2.15294,1.6743109,0.57610661,1.0982043,0.69056398,0.62879759,0.59187376,0.5694468,0.54900312,591651.0,-0.000000000517,0.57761848,-0.17412731,4.0909305,-1.866165,-1.424369,-1.076763,-0.70568109,-0.58574629,-0.25342229,-0.074831799,0.066163398,0.1959887,0.3408078,0.54891223,0.60907328,0.79704529,1.006585,1.272966,1.798238,1.994159,1.3147544,0.54290986,0.77184451,569304.0,-0.041504301,0.45150661,-0.77668911,15.95365,-0.22196239,16.817749,-1.795761,-1.222417,-0.7355051,-0.32982159,-0.23626959,-0.080851696,-0.037312299,-0.0110702,0.0123316,0.045616399,0.1393903,0.19188251,0.48325509,0.9044916,1.450765,2.4963429,3.349309,0.52170408,0.20295271,0.31875139,-0.18748343,-0.056448154,-0.016615558,-0.010949817,-0.011025255,442022.0,-0.018569499,0.53655457,-0.16682009,12.58959,-0.0029313557,10.48437,-1.927273,-1.324706,-0.82691473,-0.4179475,-0.3150872,-0.1305434,-0.065703496,-0.0175396,0.034646299,0.1112138,0.2946972,0.3805277,0.73893601,1.2099659,1.804215,2.9048901,3.974673,0.79847521,0.3980673,0.40040791
ITA,1993,All genders,25-55,5.5600009,14.116209,18.658258,23.308315,40.045742,28.056732,25.042183,15.739021,5.0053868,2.9336138,0.779728,0.43205991,0.33439711,-3.3754973,-3.852282,638553.0,9.9134064,0.7843163,-0.31012377,5.0221848,7.3227439,7.7645769,8.261014,8.8867197,9.0767632,9.6793966,9.9130116,10.05277,10.19442,10.35663,10.59358,10.66678,10.90007,11.16577,11.48682,12.09249,12.23948,1.7800608,0.61401081,1.16605,638553.0,0.00000000061700001,0.74501997,-0.32705724,4.5969543,-2.5515261,-2.043195,-1.551108,-0.96885371,-0.77047282,-0.24458361,-0.0165537,0.14776289,0.2897456,0.44120589,0.65089959,0.71399248,0.90561461,1.1093481,1.364049,1.922362,2.171047,1.6828462,0.56622958,1.1166166,0.70458961,0.64943224,0.61210227,0.57916677,0.55963415,583888.0,0.00000000039600001,0.57591522,-0.16276062,4.0564833,-1.848,-1.412537,-1.067504,-0.69891012,-0.58511168,-0.25709939,-0.077342801,0.063019603,0.19454481,0.34009671,0.5505656,0.6116429,0.7996521,1.009979,1.271104,1.795594,2.0164361,1.3105531,0.54862332,0.76192975,561853.0,-0.0140416,0.4417178,-0.4090364,16.26376,-0.072319947,17.790136,-1.694571,-1.1127419,-0.64776993,-0.2696223,-0.18611801,-0.058962699,-0.026484201,-0.0045603001,0.019568499,0.058397401,0.16650429,0.22474881,0.52579463,0.97511017,1.522149,2.5445099,3.2995479,0.49437112,0.22930911,0.265062,-0.19757451,-0.064527944,-0.0243931,-0.018156791,-0.015099577,432918.0,0.0011153,0.55273461,-0.1975328,13.34059,0.023532931,10.442791,-1.900141,-1.317039,-0.85021007,-0.40525341,-0.2999827,-0.1171342,-0.052906699,-0.0036845,0.051196199,0.13251171,0.32751799,0.41724011,0.8073616,1.289961,1.880133,2.958256,4.0294161,0.82249355,0.4209246,0.40156892
ITA,1994,All genders,25-55,5.388309,14.2349,18.619602,23.513666,39.850796,28.197546,24.961655,15.709701,4.9531226,2.9241149,0.7814126,0.43827876,0.33590889,-4.362638,-6.2408385,634389.0,9.8953228,0.79233998,-0.33571705,5.0158062,7.2830248,7.7248578,8.2212954,8.8234701,9.0370445,9.660512,9.9060822,10.04865,10.18567,10.3433,10.58297,10.65796,10.88792,11.14959,11.45399,12.07329,12.22228,1.8344898,0.60931015,1.2251797,634389.0,0.00000000013,0.75091791,-0.34166911,4.5731373,-2.565712,-2.0644159,-1.573621,-0.99397397,-0.79489517,-0.2446132,-0.0113467,0.15403029,0.29862329,0.44772291,0.65387303,0.71733361,0.90598762,1.101732,1.349607,1.917679,2.1555879,1.7113075,0.56330335,1.1480043,0.69823295,0.65402496,0.62212193,0.59304732,0.56640524,579363.0,-0.000000000133,0.58187407,-0.17370546,4.0913739,-1.868773,-1.440141,-1.087135,-0.71056008,-0.591703,-0.25600001,-0.074934997,0.067314297,0.19845261,0.34385839,0.5534066,0.61494172,0.80461311,1.014104,1.26552,1.804774,2.012378,1.3255018,0.54762745,0.77787435,558980.0,0.0086287996,0.43894961,0.098647803,15.69281,0.11082186,16.665257,-1.583304,-1.017005,-0.56341243,-0.2169816,-0.152679,-0.057255801,-0.0276829,-0.0048945998,0.0229393,0.069284402,0.1884993,0.26005891,0.62173688,1.09182,1.627178,2.571317,3.379055,0.47704053,0.26495352,0.21208701,-0.2400723,-0.059148517,-0.022287058,-0.015012,-0.010246422,412293.0,0.062169399,0.5664112,0.1854247,11.43232,0.10882518,10.072969,-1.828303,-1.233492,-0.75278252,-0.34982061,-0.25626609,-0.083138697,-0.01361,0.0406847,0.097896002,0.1847021,0.4158954,0.52656257,0.96875763,1.46446,2.0480659,3.0539329,4.0548992,0.87638319,0.48587787,0.39050531
ITA,1995,All genders,25-55,5.3522658,13.605667,18.566273,23.630669,40.345623,27.594395,25.19486,15.697629,4.9743304,2.956331,0.78254962,0.47763231,0.34033483,-3.9450808,-5.4242129,640518.0,9.8758841,0.79826647,-0.31720594,4.7795,7.2319961,7.7428212,8.2128248,8.7959709,9.0050631,9.6197386,9.8789577,10.0252,10.16467,10.32808,10.57995,10.66239,10.8927,11.12834,11.4317,12.08055,12.20335,1.8664188,0.63718987,1.229229,640518.0,0.000000000369,0.75445318,-0.33562642,4.5125432,-2.554575,-2.067755,-1.5833859,-1.003372,-0.80413789,-0.25206721,-0.0136348,0.1535303,0.29923081,0.4528335,0.66480583,0.72900212,0.92368138,1.11314,1.3403701,1.929318,2.199193,1.7323741,0.57547182,1.1569023,0.69085199,0.64533806,0.63086843,0.60826993,0.58367503,576862.0,-0.000000000615,0.59434497,-0.19416623,4.0896444,-1.919372,-1.4794019,-1.125137,-0.73742801,-0.61130488,-0.25759131,-0.069397599,0.075922601,0.2073517,0.3528485,0.56164098,0.62477869,0.81732541,1.0170799,1.261089,1.809698,2.0351629,1.3622067,0.54885608,0.81335062,566499.0,0.0069402,0.44030711,0.0021446,15.50937,0.025271969,18.410944,-1.588568,-1.049601,-0.58915269,-0.2352771,-0.16246261,-0.051538199,-0.0185255,0.003052,0.0263179,0.064370297,0.1822605,0.25373951,0.6141398,1.084384,1.618706,2.5765779,3.2578371,0.48901659,0.25068751,0.2383291,-0.22354142,-0.075893573,-0.023629652,-0.011754535,-0.011755543,421399.0,0.067807801,0.56465608,0.138642,11.28142,0.12851255,9.9548264,-1.830978,-1.229054,-0.7373569,-0.34127191,-0.2487538,-0.079581,-0.0099085998,0.043780401,0.1018287,0.1906444,0.43002459,0.542395,0.97911322,1.4609931,2.0322859,2.997566,3.949836,0.88366687,0.49861461,0.38505232
ITA,1996,All genders,25-55,5.1848454,13.957011,18.494951,23.576607,40.186359,27.526171,25.147474,15.583259,4.9648871,2.9556315,0.79357088,0.45594263,0.34198022,-3.3200579,-3.5046971,653164.0,9.8572712,0.80141371,-0.32827744,4.6446695,7.298068,7.7035332,8.1735373,8.7566833,8.9657745,9.5906029,9.863018,10.01276,10.15454,10.32336,10.57143,10.64797,10.87602,11.10695,11.40401,12.07045,12.20408,1.8912868,0.63521004,1.2560768,653164.0,-0.0000000000479,0.75689042,-0.33878595,4.3517709,-2.5356989,-2.056747,-1.586743,-1.015577,-0.82090151,-0.26411739,-0.016839299,0.1568238,0.30661869,0.46172529,0.67205638,0.73586172,0.92345637,1.101954,1.331092,1.923924,2.21842,1.7514386,0.5790379,1.1724007,0.69275922,0.63885933,0.61383754,0.60679525,0.58786052,583601.0,-0.00000000043100001,0.593867,-0.19279344,4.0274382,-1.910128,-1.474393,-1.119944,-0.74120909,-0.61753982,-0.26124671,-0.070269197,0.075535797,0.2083296,0.35584381,0.56513077,0.62825662,0.82137012,1.010901,1.246419,1.801782,2.0406511,1.3694657,0.55272084,0.81674486,573630.0,0.00081429997,0.44503179,-0.041808002,15.47862,0.10026322,17.877571,-1.625218,-1.063248,-0.60145998,-0.2364095,-0.16311049,-0.060169902,-0.030484401,-0.0091784997,0.016407499,0.0598558,0.1972855,0.26869601,0.61824059,1.08252,1.61812,2.5504589,3.3797259,0.5051055,0.2778745,0.227231,-0.19407107,-0.061391011,-0.02534857,-0.011922928,-0.0068845707,432817.0,0.071987003,0.5810166,0.25832441,10.70703,0.16709907,9.4787827,-1.812553,-1.21821,-0.75087702,-0.35797361,-0.26564109,-0.093142398,-0.0189991,0.038231999,0.1000288,0.1975788,0.46963879,0.59341347,1.053311,1.537473,2.082216,3.0519149,4.097806,0.95138705,0.5551815,0.3962056
ITA,1997,All genders,25-55,5.1204133,13.650618,18.765055,23.248314,40.604832,26.958952,25.650743,16.087236,5.0292106,2.944711,0.78638202,0.46429825,0.3464275,-3.4403572,-3.7244596,659172.0,9.8777046,0.8102327,-0.32672912,4.7213573,7.277843,7.6833081,8.1941338,8.7819204,8.9825907,9.6002312,9.8805323,10.0315,10.17927,10.34123,10.58839,10.66562,10.91279,11.18183,11.47955,12.09246,12.2266,1.8836994,0.63411999,1.2495794,659172.0,-0.00000000027800001,0.76481009,-0.33880001,4.433372,-2.5608411,-2.0789211,-1.598946,-1.022006,-0.82572871,-0.26398361,-0.0163214,0.1558993,0.30611849,0.46279389,0.67376852,0.7376374,0.93947488,1.143154,1.386815,1.922447,2.2521091,1.7596434,0.58173811,1.1779053,0.69486731,0.64559841,0.61237603,0.59208661,0.58900189,593607.0,-0.000000000094600001,0.59826368,-0.19401014,3.9890475,-1.911095,-1.475282,-1.125697,-0.74928862,-0.62630647,-0.26715821,-0.071629398,0.0766192,0.2108383,0.35947359,0.5702697,0.63412982,0.83343327,1.024382,1.256495,1.801759,2.0772581,1.3834184,0.55751061,0.82590783,568620.0,0.0050228001,0.46854529,-0.31910881,16.636379,0.050350003,18.205635,-1.667063,-1.150313,-0.66370797,-0.2472011,-0.1702245,-0.057,-0.0219514,0.0018486,0.0275703,0.069122002,0.1979682,0.2773073,0.66969138,1.145818,1.687799,2.5747881,3.2498629,0.52450842,0.27545869,0.24904969,-0.21131115,-0.05428312,-0.016106831,-0.010151262,-0.0028601016,437995.0,0.1059198,0.58718872,0.38482919,10.30183,0.19842575,9.5700636,-1.773999,-1.176333,-0.712762,-0.32758641,-0.2365358,-0.063234299,0.0072697001,0.062028401,0.1246321,0.22779229,0.51584423,0.64453769,1.11999,1.6088099,2.174525,3.1303799,3.8617959,0.9721241,0.58250928,0.38961482
ITA,1998,All genders,25-55,5.1390018,13.547351,18.648232,23.364079,40.661289,27.28993,25.71648,16.176247,5.1457882,3.075479,0.81052911,0.66186154,0.3480013,-4.1204076,-5.8350601,658986.0,9.8756113,0.8130784,-0.33685786,4.5655699,7.258481,7.7284851,8.2139921,8.762558,8.9812469,9.5906248,9.8831491,10.0373,10.17625,10.34497,10.59068,10.66963,10.9169,11.1725,11.46018,12.17114,12.23176,1.9070721,0.63232994,1.2747421,658986.0,-0.000000000168,0.7694332,-0.33738902,4.3758359,-2.5596161,-2.0722089,-1.592636,-1.032022,-0.83975798,-0.2677108,-0.018064501,0.15607309,0.3074939,0.46633679,0.68096149,0.74471623,0.94685853,1.139863,1.3975151,1.97928,2.3749571,1.7767382,0.58864313,1.1880951,0.6780442,0.6384722,0.61262029,0.58654338,0.5739693,589231.0,-0.000000000216,0.59956592,-0.19592816,3.9512568,-1.904891,-1.469232,-1.125059,-0.75474238,-0.63331097,-0.27182361,-0.074077196,0.076682501,0.2123775,0.3610011,0.57155758,0.63568377,0.83585972,1.031221,1.27643,1.829921,2.118938,1.3904262,0.55900127,0.83142489,549779.0,0.057782799,0.4800905,0.2456544,14.28573,0.15058807,17.963995,-1.6023901,-1.06687,-0.59262842,-0.2047841,-0.1310591,-0.0197207,0.0141795,0.039312601,0.067599803,0.1111159,0.27018589,0.3699587,0.79645669,1.283478,1.81804,2.7365551,3.792881,0.57474279,0.3306461,0.2440967,-0.20872211,-0.056531459,-0.016492754,-0.012560669,-0.0056858906,442034.0,0.087914303,0.59709078,0.32824281,10.47181,0.19923955,9.5503979,-1.835544,-1.225644,-0.74879652,-0.35271999,-0.25990641,-0.082750499,-0.0115327,0.044172,0.1083559,0.2139183,0.5077703,0.63856769,1.119086,1.607661,2.162468,3.154027,4.1303468,0.99128771,0.5943957,0.39689198
ITA,1999,All genders,25-55,4.9998956,13.033434,18.830603,23.531157,40.921116,26.979818,25.670971,16.008238,5.2553625,3.1544385,0.84385169,0.60710639,0.3518067,-4.0576558,-5.6984577,655184.0,9.8329048,0.82292843,-0.34405032,4.3186302,7.2419829,7.6474481,8.1174517,8.7005978,8.8906412,9.5141087,9.8446732,10.0083,10.1434,10.31468,10.57061,10.64651,10.87164,11.10482,11.42556,12.15169,12.23242,1.9459124,0.6382103,1.3077021,655184.0,-0.000000000182,0.77741909,-0.34585872,4.2435389,-2.551337,-2.0787029,-1.619871,-1.062037,-0.86701202,-0.27863219,-0.0182848,0.1614496,0.31743509,0.4797563,0.6924578,0.75611311,0.95254588,1.1395479,1.392656,2.005497,2.45768,1.81815,0.5946635,1.2234865,0.65373027,0.60616988,0.58810145,0.56575352,0.54214859,578638.0,-0.000000000316,0.60392427,-0.1996716,3.8828564,-1.895262,-1.472571,-1.132326,-0.76550639,-0.64643222,-0.27815089,-0.074399002,0.078845203,0.2169213,0.36575449,0.57693893,0.64213151,0.84043843,1.027621,1.2824709,1.87252,2.1641791,1.4076378,0.5632863,0.84435159,571504.0,0.036805201,0.49048269,0.22221801,13.20504,0.21607786,17.371038,-1.649912,-1.095678,-0.62423939,-0.23298199,-0.15535329,-0.048214,-0.016217301,0.0073262001,0.037356202,0.090962999,0.27272269,0.38011,0.82656813,1.3219711,1.831658,2.65341,3.507925,0.61309201,0.37278381,0.2403082,-0.22396515,-0.045635641,-0.0092084408,-0.00080691121,-0.0081904074,456779.0,0.054858498,0.60942942,0.34273249,9.7974091,0.20046003,9.7505951,-1.895764,-1.300746,-0.81438071,-0.4082872,-0.3064267,-0.1169401,-0.046116401,0.0071655,0.072329901,0.18286189,0.49299231,0.63094211,1.127301,1.622502,2.152247,3.096854,4.0311689,1.0392293,0.62377661,0.41545269
ITA,2000,All genders,25-55,4.902247,13.399935,18.541704,23.326075,41.1754,26.585663,25.917006,16.170668,5.362092,3.213953,0.84730065,0.65735739,0.35455209,-4.6126375,-6.9351678,689368.0,9.8181238,0.82639527,-0.33916053,4.345119,7.2169232,7.6223879,8.092392,8.6755381,8.8655825,9.4993048,9.826993,9.9895105,10.12927,10.29883,10.55978,10.63792,10.86758,11.09642,11.43937,12.16142,12.22622,1.9623823,0.64840984,1.3139725,689368.0,-0.000000000147,0.78125769,-0.33267456,4.2865229,-2.5593629,-2.0856161,-1.618619,-1.0581909,-0.862167,-0.2804904,-0.022678001,0.15580501,0.3142994,0.47823411,0.69825959,0.76370311,0.96911049,1.166674,1.425992,2.0292721,2.3737681,1.821894,0.60789812,1.2139959,0.65667897,0.60179764,0.57783777,0.56738514,0.55020159,596403.0,0.000000000051499999,0.60805362,-0.19259247,3.8473508,-1.8954329,-1.4750659,-1.132525,-0.76946843,-0.65048772,-0.28479299,-0.078438498,0.076972201,0.21735381,0.36863479,0.58337128,0.65002841,0.85096252,1.0389,1.302601,1.894205,2.162317,1.4194968,0.57305622,0.84644061,606632.0,0.0278531,0.49540189,0.35370779,12.9954,0.20775035,16.474207,-1.64204,-1.1019191,-0.64621168,-0.2607027,-0.1816276,-0.063565001,-0.0287016,-0.0042683999,0.026674001,0.084206901,0.2776601,0.38665459,0.8386637,1.3325059,1.8385971,2.703717,3.5327179,0.64735729,0.39092299,0.25643429,-0.20973311,-0.048294842,-0.015459122,-0.0096990922,-0.0022101779,478016.0,0.041220699,0.62087798,0.1184526,10.2916,0.14682028,9.8704882,-1.977115,-1.370839,-0.86531579,-0.44288781,-0.33418721,-0.1210748,-0.047261201,0.0052318,0.068467297,0.1795305,0.47422639,0.60758162,1.103495,1.596282,2.139966,3.089246,4.0252681,1.0504694,0.60234982,0.44811961
ITA,2001,All genders,25-55,5.1456866,13.018321,18.581421,23.320232,41.242081,26.753044,26.060968,16.312035,5.4516091,3.2876899,0.85941684,0.72324753,0.35455006,-3.7412794,-5.2789798,720702.0,9.8141031,0.81557912,-0.31307912,4.3008523,7.1894522,7.6594558,8.1449633,8.7155085,8.912219,9.4920368,9.8141203,9.9744635,10.11261,10.28954,10.55675,10.63307,10.86068,11.0894,11.43222,12.18666,12.22511,1.9175615,0.65860653,1.258955,720702.0,-0.00000000056299998,0.77323169,-0.31761491,4.2362342,-2.534539,-2.0551701,-1.588261,-1.029604,-0.84304899,-0.28697899,-0.030689999,0.1498342,0.30762589,0.4725942,0.6927073,0.76065832,0.96664047,1.16256,1.440125,2.0656979,2.4058039,1.7902622,0.61082411,1.1794381,0.65762562,0.59740984,0.56438875,0.54205167,0.53803921,633429.0,-0.00000000087200003,0.60863823,-0.18291228,3.7869136,-1.8799371,-1.45119,-1.116316,-0.77026719,-0.65413219,-0.29236671,-0.083844602,0.073085897,0.2154918,0.36922401,0.58829391,0.6556257,0.85965508,1.054197,1.323483,1.922532,2.2102001,1.4258928,0.5825398,0.84335309,628540.0,0.041267499,0.48545861,0.23284119,13.34291,0.1320121,16.556993,-1.629957,-1.093676,-0.64034528,-0.25121239,-0.16814481,-0.040426198,-0.0044320999,0.022091299,0.051267602,0.1030452,0.2762484,0.37852839,0.7951836,1.2817791,1.8076791,2.6864109,3.8323209,0.62974077,0.35643709,0.27330369,-0.19792442,-0.054935202,-0.013758112,-0.008229346,-0.007370872,499992.0,0.033049401,0.60664493,0.0501706,10.51521,0.12109617,10.172374,-1.974434,-1.378924,-0.8798601,-0.44276991,-0.33019951,-0.1160977,-0.044843499,0.0057713999,0.0664021,0.16847029,0.45049629,0.57791358,1.032956,1.515808,2.0730071,3.0123701,4.301291,1.0206835,0.57214218,0.44854131
ITA,2002,All genders,25-55,4.8514152,12.747878,18.372017,23.44471,41.806698,26.170643,26.278919,16.556696,5.5229578,3.3405104,0.86866778,0.7363748,0.3623628,-2.8883834,-3.0381801,749604.0,9.7835054,0.82643813,-0.33974996,3.9978473,7.2604079,7.6957259,8.0813885,8.6001825,8.7943382,9.4268608,9.7824936,9.9562626,10.09895,10.27416,10.54269,10.62456,10.85398,11.0831,11.42071,12.18436,12.22071,2.0243778,0.66829777,1.3560801,749604.0,0.00000000026399999,0.78696227,-0.33860523,3.9904339,-2.4818671,-2.027714,-1.603927,-1.106177,-0.9175148,-0.31034571,-0.030351499,0.1602315,0.3250699,0.49323711,0.71853882,0.78595442,0.98736942,1.17893,1.459497,2.0882919,2.4255531,1.8921313,0.62572289,1.2664084,0.66108072,0.60014081,0.56559384,0.53693998,0.52062118,653734.0,-0.000000000085,0.60666281,-0.16678123,3.7520432,-1.852996,-1.427462,-1.098151,-0.7643429,-0.65258759,-0.2979005,-0.090385601,0.066620402,0.211184,0.36694419,0.59071243,0.66002578,0.86690468,1.067064,1.344543,1.963449,2.2484109,1.4243686,0.59340537,0.83096331,655760.0,0.0052136998,0.4864589,0.0453365,12.34557,0.18784255,15.926837,-1.676837,-1.143435,-0.68222708,-0.29181689,-0.2078429,-0.084249496,-0.0443574,-0.017059,0.0119291,0.063373096,0.26100561,0.38479549,0.87104708,1.207726,1.6618561,2.543812,3.5399001,0.67661238,0.40185449,0.27475789,-0.18823522,-0.052248716,-0.012271359,-0.0058257827,-0.0048201792,523599.0,0.037365898,0.6138941,0.0499226,9.9323425,0.17215091,9.5048542,-1.961098,-1.366259,-0.86179131,-0.44668329,-0.33949369,-0.132844,-0.0547246,0.0011514,0.064427301,0.17374051,0.4932431,0.6352402,1.119735,1.5477819,2.027648,2.9920759,4.1183252,1.0819235,0.63408881,0.4478347
ITA,2003,All genders,25-55,5.1482806,13.010371,18.49122,23.461271,41.167389,26.386938,26.093023,16.361433,5.4907184,3.3177376,0.86950898,0.77200949,0.35460874,-4.1930156,-6.1308446,756169.0,9.7961245,0.80727369,-0.3016721,4.2284064,7.2340331,7.6693511,8.1319752,8.7073393,8.8965807,9.4611111,9.7848978,9.9481258,10.09363,10.26548,10.53323,10.61379,10.84741,11.07055,11.41261,12.19433,12.21826,1.9064503,0.66566372,1.2407866,756169.0,-0.0000000000126,0.76853663,-0.3024382,4.1795673,-2.503757,-2.039186,-1.576741,-1.017239,-0.83364749,-0.29460341,-0.039404601,0.14356001,0.30612051,0.472453,0.69776177,0.76526248,0.96853578,1.166778,1.444896,2.090009,2.4289229,1.7825015,0.62170249,1.160799,0.68489271,0.62069088,0.58357424,0.54971409,0.5252192,681338.0,-0.000000000172,0.61757177,-0.17750661,3.6719143,-1.854939,-1.45464,-1.128729,-0.78824192,-0.67478222,-0.31039551,-0.0923931,0.072244801,0.2210874,0.37905821,0.60530287,0.67329848,0.87710911,1.076975,1.356935,1.988111,2.2725799,1.4615405,0.60105366,0.86048675,659319.0,0.0080290996,0.47951409,-0.0045683999,13.39114,0.029143261,17.72089,-1.683928,-1.157303,-0.7045095,-0.29504809,-0.2004654,-0.058577102,-0.0209342,0.0027638001,0.028354701,0.074404702,0.2256932,0.31845519,0.73126757,1.199253,1.710079,2.582078,3.524142,0.61350328,0.31569138,0.2978119,-0.20875823,-0.062201697,-0.024231423,-0.015711032,-0.010304841,529787.0,0.045562401,0.60846591,0.000279,10.3718,0.10582677,9.7334747,-1.9701591,-1.367764,-0.87572807,-0.4416993,-0.32790181,-0.1093821,-0.033020601,0.021275399,0.085027002,0.18812869,0.4697203,0.59383762,1.05355,1.5280499,2.0664339,3.0340371,4.1253052,1.0355369,0.57256222,0.4629747
ITA,2004,All genders,25-55,5.109622,12.917597,18.694571,23.168631,41.347057,26.695002,25.958681,16.342968,5.4573207,3.2997751,0.87093204,0.7732079,0.35481936,-2.8676693,-2.9168684,764308.0,9.7974987,0.81165898,-0.32195494,4.203104,7.2122059,7.6475239,8.1101475,8.6855116,8.8918476,9.4587011,9.7910442,9.9618053,10.09751,10.2739,10.53462,10.61643,10.8474,11.07389,11.40872,12.1983,12.22526,1.9309187,0.65462494,1.2762938,764308.0,0.00000000025899999,0.77294159,-0.30832472,4.1567235,-2.498744,-2.0472319,-1.590399,-1.032519,-0.84295768,-0.29630321,-0.036795601,0.1456234,0.30872121,0.47679099,0.70196247,0.76847488,0.97104728,1.166307,1.446692,2.0926731,2.4043479,1.8009939,0.62285149,1.1781424,0.68215549,0.62993002,0.59259552,0.55784428,0.52930003,686706.0,0.000000000418,0.61183971,-0.16681264,3.6708055,-1.842206,-1.430553,-1.1095279,-0.77608871,-0.66514558,-0.30847159,-0.095845103,0.067243896,0.2164081,0.37443599,0.60138482,0.66944343,0.87404162,1.076268,1.358869,1.988336,2.2704239,1.4455321,0.60219955,0.84333259,655452.0,0.0050299,0.48457119,-0.29706451,13.67055,-0.012233187,17.706366,-1.740643,-1.184795,-0.72477698,-0.31213501,-0.2116306,-0.0556954,-0.017266201,0.0063658999,0.032003898,0.078106202,0.2266791,0.31716841,0.7159605,1.184345,1.693832,2.5366421,3.4147091,0.62930346,0.31080252,0.31850091,-0.21050167,-0.069669798,-0.017048718,-0.011527168,-0.0066771507,526964.0,0.020644501,0.64271742,-0.31453729,9.8571482,-0.031981915,9.4661655,-2.132751,-1.546685,-1.041818,-0.56126118,-0.42668349,-0.12916569,-0.0299694,0.029060099,0.092877597,0.1941407,0.4653571,0.5827924,1.0350749,1.513787,2.0572,3.007308,3.942347,1.1440536,0.55373228,0.5903213
ITA,2005,All genders,25-55,4.9811306,13.139776,18.16958,23.408951,41.4561,26.454556,26.24264,16.381739,5.4588766,3.3110595,0.88097829,0.76658237,0.35713837,-3.451719,-4.4464221,768880.0,9.7897987,0.82958251,-0.32549843,4.2964363,7.1925468,7.6278648,8.0904894,8.6658545,8.8721905,9.4674807,9.7850847,9.9594383,10.09796,10.27112,10.53444,10.6177,10.85844,11.08065,11.41206,12.19832,12.23539,1.9518452,0.6582613,1.2935839,768880.0,-0.000000000111,0.79269391,-0.30617523,4.2196674,-2.596215,-2.104929,-1.624347,-1.0448149,-0.8496111,-0.29436871,-0.032907799,0.14897621,0.3139163,0.48490381,0.71524179,0.78310388,0.98710477,1.183342,1.458711,2.109508,2.4404919,1.8279188,0.63412768,1.1937912,0.68404722,0.62505746,0.59889734,0.56232458,0.53191531,685818.0,-0.00000000057999999,0.61441118,-0.15875758,3.7071648,-1.8735451,-1.443662,-1.1104161,-0.76792711,-0.65905392,-0.30488199,-0.095959798,0.065603398,0.2156662,0.374616,0.60259467,0.6707353,0.87666601,1.075349,1.3565069,1.995284,2.270076,1.4386624,0.60513192,0.83353049,673338.0,0.0134898,0.47864181,0.1021994,13.64009,0.1275076,16.617031,-1.652416,-1.115901,-0.66400951,-0.27236089,-0.1877908,-0.0624297,-0.0299749,-0.0046454002,0.026043,0.077764601,0.2438575,0.34131891,0.75657362,1.213712,1.728392,2.628798,3.6542201,0.61367977,0.34596431,0.26771548,-0.20458788,-0.062812783,-0.02061229,-0.010971612,-0.010946532,527549.0,0.020916199,0.65078902,-0.34597459,10.35501,-0.0082491012,10.135547,-2.2006431,-1.582696,-1.045853,-0.54015678,-0.40411291,-0.1188201,-0.0297441,0.025214599,0.087319002,0.18725181,0.4618248,0.58133471,1.034413,1.51951,2.091047,3.0973461,4.3370638,1.1214914,0.5561201,0.56537139
ITA,2006,All genders,25-55,4.9627337,13.065063,18.502958,23.275583,41.33757,26.272314,26.127222,16.396648,5.4562216,3.3222692,0.88360846,0.7785961,0.3567988,-2.8653088,-2.8599792,782678.0,9.7962656,0.82952899,-0.32436067,4.2734523,7.171854,7.607172,8.106164,8.6859827,8.8848333,9.4653072,9.7912388,9.9669161,10.1115,10.27929,10.53915,10.6204,10.85846,11.08569,11.41122,12.2094,12.24304,1.9344177,0.65348434,1.2809334,782678.0,0.00000000012900001,0.79249638,-0.30878478,4.2046452,-2.579972,-2.102607,-1.629164,-1.047603,-0.85353613,-0.2942259,-0.033456199,0.14990149,0.31480971,0.4869504,0.7148937,0.78234571,0.98474371,1.181962,1.464558,2.111062,2.4429951,1.8299487,0.6324442,1.1975045,0.68664557,0.6243099,0.59308171,0.57137781,0.54333365,707547.0,-0.000000000454,0.62443137,-0.16497031,3.7443519,-1.921864,-1.477991,-1.129537,-0.77697808,-0.66236383,-0.30425909,-0.092734598,0.069312297,0.219073,0.37981391,0.60664368,0.67591792,0.88308269,1.083419,1.366721,2.0051451,2.3054211,1.452896,0.60660565,0.84629035,687002.0,0.041834,0.48452291,0.24704111,13.18267,0.17544487,16.397587,-1.599362,-1.063295,-0.62152863,-0.25404119,-0.1698318,-0.041218001,-0.0088603003,0.0134023,0.0437719,0.102303,0.29124999,0.39465651,0.82450747,1.290103,1.805702,2.667717,3.5362749,0.64869773,0.3812542,0.26744351,-0.22103527,-0.066055201,-0.013889973,-0.015150973,-0.0053219465,531656.0,0.020859599,0.64910161,-0.53301179,10.7767,-0.052227069,10.311283,-2.224319,-1.590855,-1.05249,-0.54613209,-0.40994221,-0.1093286,-0.0175854,0.037287399,0.095168203,0.18985569,0.4473916,0.56279111,1.0042911,1.494119,2.0556509,3.046649,4.1782441,1.1089232,0.5255037,0.5834195
ITA,2007,All genders,25-55,4.7964425,12.810435,18.540108,23.40477,41.55151,25.751932,26.275099,16.529886,5.5369692,3.3696437,0.89140868,0.7474736,0.36219129,-3.4075394,-4.3783207,812686.0,9.7798777,0.84796929,-0.33786836,4.1700668,7.1537218,7.5890412,8.0516644,8.6270285,8.8333635,9.4379587,9.7797079,9.9598341,10.10293,10.27729,10.53657,10.61946,10.86062,11.08911,11.42151,12.20416,12.24636,1.9924316,0.65962601,1.3328056,812686.0,-0.000000000316,0.80932629,-0.3079029,4.1786494,-2.633364,-2.135828,-1.657602,-1.07579,-0.87878132,-0.30114809,-0.033288799,0.1528357,0.3214545,0.49811739,0.7345084,0.80298209,1.006743,1.204022,1.484125,2.1255879,2.481549,1.8787721,0.65014637,1.2286258,0.66567498,0.60807973,0.57965171,0.55554324,0.54099488,719575.0,-0.00000000056100002,0.62808639,-0.16215916,3.7498202,-1.928964,-1.4854209,-1.138322,-0.78387511,-0.66803253,-0.3058835,-0.093791299,0.067853399,0.2189429,0.3818396,0.61173409,0.681894,0.89100832,1.093417,1.376425,2.0214109,2.313406,1.4657691,0.61404061,0.8517285,707119.0,0.0120422,0.4959124,0.1153499,13.08961,0.073673904,15.68816,-1.692394,-1.152005,-0.70240641,-0.3130112,-0.2227212,-0.070694901,-0.027263099,-0.00072820002,0.0304718,0.0826893,0.25789389,0.3612287,0.78900152,1.254311,1.775728,2.730984,3.7165501,0.67423987,0.36195689,0.31228301,-0.20244651,-0.06718757,-0.015574259,-0.010555551,-0.0050585689,535868.0,-0.0151606,0.66193098,-0.54887259,10.46407,-0.12791014,9.9038401,-2.3152411,-1.686008,-1.148083,-0.62114072,-0.47918919,-0.15005951,-0.0390766,0.0228504,0.078901902,0.16636211,0.40788621,0.52077848,0.96080369,1.447781,2.0230451,3.094162,4.4272952,1.1419191,0.49792808,0.64399111
ITA,2008,All genders,25-55,4.8683691,12.545184,18.349159,23.609585,41.670605,25.887384,26.543962,16.63843,5.47506,3.3129098,0.87883162,0.72301173,0.36404112,-3.5183094,-4.569581,824884.0,9.7889585,0.84876633,-0.33582267,4.1557083,7.1207919,7.6132689,8.0551014,8.6349201,8.8500319,9.4413958,9.7791433,9.9699211,10.11197,10.28358,10.5489,10.63369,10.8841,11.11314,11.43585,12.19312,12.24746,1.9987698,0.66376877,1.335001,824884.0,0.00000000050799998,0.81219792,-0.3035593,4.1788697,-2.6331511,-2.1338251,-1.656904,-1.081995,-0.87975842,-0.30469751,-0.034576699,0.150867,0.32085481,0.49827179,0.73985362,0.80953687,1.021318,1.221679,1.495156,2.1271319,2.485544,1.8915319,0.65866989,1.232862,0.68822438,0.61539167,0.58352798,0.56128007,0.54156411,740206.0,-0.0000000000395,0.64024192,-0.16274223,3.766314,-1.971965,-1.5172451,-1.160482,-0.79535109,-0.67738968,-0.3083826,-0.093473203,0.070176497,0.224199,0.38885719,0.62295729,0.69341838,0.90482342,1.108779,1.389138,2.0304389,2.3597829,1.4887695,0.6232419,0.86552757,702330.0,-0.031018101,0.51981348,-0.65855873,12.30935,-0.27489427,14.043139,-1.921149,-1.387733,-0.93174088,-0.47637251,-0.3528825,-0.091899201,-0.0189675,0.0160254,0.044684902,0.085751399,0.2176249,0.29608041,0.66650462,1.107039,1.620482,2.598063,3.4855261,0.77245295,0.28005502,0.4923979,-0.1930577,-0.065055944,-0.021078452,-0.013598262,-0.012062988,533602.0,-0.040686801,0.65001512,-0.67345577,10.43105,-0.19033454,9.8902788,-2.3100481,-1.71636,-1.189667,-0.65951198,-0.51183581,-0.1652633,-0.050898999,0.0132733,0.066597,0.1454165,0.36623701,0.47090179,0.88008362,1.3563499,1.912927,2.9964349,4.2183661,1.1304138,0.45762849,0.67278528
ITA,2009,All genders,25-55,4.5631714,12.423781,18.460585,23.597277,41.959728,25.349615,26.636677,16.736792,5.4890032,3.3232336,0.90187174,0.63908064,0.36948687,-3.0090427,-3.0437152,810557.0,9.7618275,0.87510997,-0.34887177,4.1196666,7.017765,7.4877682,7.9732761,8.5653267,8.7756224,9.3973103,9.758604,9.9569263,10.10425,10.27586,10.54412,10.62868,10.87639,11.1071,11.42204,12.17509,12.26951,2.0633535,0.67175388,1.3915997,810557.0,0.00000000059900002,0.84157473,-0.32031614,4.0847125,-2.7179351,-2.194833,-1.716743,-1.127274,-0.92617619,-0.31910679,-0.026105801,0.16670629,0.34027949,0.52128577,0.76318961,0.83283281,1.0417041,1.237929,1.510309,2.1502869,2.4971931,1.9601068,0.66612649,1.2939804,0.69612676,0.61721599,0.57740057,0.55187076,0.53104913,735525.0,0.0000000000821,0.64639068,-0.15499328,3.7865746,-2.00017,-1.53142,-1.163847,-0.7983861,-0.68003541,-0.30840039,-0.0951024,0.068079397,0.2242313,0.391458,0.62967747,0.70199579,0.91510677,1.118646,1.396209,2.0269959,2.365845,1.5003819,0.63391638,0.86646551,692261.0,-0.0057123001,0.50339311,-0.39678141,13.41994,-0.043071244,16.89558,-1.816533,-1.272138,-0.7978875,-0.36083609,-0.2475775,-0.064328797,-0.0222902,0.00087779999,0.027036,0.079827897,0.2448398,0.33271939,0.71866572,1.163473,1.682781,2.6472559,3.594831,0.69355547,0.33184159,0.36171389,-0.17666303,-0.078841351,-0.026467282,-0.0066228597,-0.011319016,528389.0,-0.028196801,0.64843762,-0.3665733,10.42118,-0.08704666,9.7365332,-2.2359691,-1.629094,-1.114179,-0.62241542,-0.4804092,-0.1668061,-0.064688601,-0.0057183998,0.051199701,0.1473055,0.39923871,0.51221299,0.94721919,1.4292639,2.002558,3.173125,4.40029,1.1346284,0.5179314,0.61669701
ITA,2010,All genders,25-55,4.3704829,12.317718,18.343954,24.002132,41.93119,25.199823,26.632618,16.674131,5.4497285,3.297605,0.90048265,0.61593807,0.37206233,-3.0351493,-3.042819,800729.0,9.7581291,0.90014458,-0.37149784,4.0639143,6.897264,7.4726281,7.9189148,8.5286808,8.7430906,9.391387,9.7626343,9.9730387,10.12057,10.28729,10.54936,10.63493,10.88419,11.1135,11.42747,12.17651,12.27562,2.1062489,0.66189098,1.4443579,800729.0,-0.00000000053400001,0.86521709,-0.3363142,4.0965819,-2.8232629,-2.2601869,-1.7721829,-1.1644911,-0.95411432,-0.32034051,-0.0159469,0.1798342,0.3541584,0.5356999,0.77746779,0.84749871,1.052063,1.246653,1.516806,2.150244,2.4961181,2.0119898,0.66766453,1.3443253,0.70070463,0.63303077,0.58555973,0.55192113,0.53020853,730443.0,-0.00000000052799998,0.66113502,-0.17284472,3.8022425,-2.0680871,-1.581342,-1.199927,-0.82063031,-0.69753653,-0.30933359,-0.088088699,0.077107497,0.23322549,0.40210181,0.63895679,0.71024209,0.92296648,1.123708,1.3956521,2.0259039,2.344296,1.5308723,0.6331346,0.8977378,685816.0,0.0034678001,0.50277841,-0.182868,13.59538,-0.015322762,17.441006,-1.773721,-1.222515,-0.75923002,-0.34705979,-0.2371019,-0.061039198,-0.018920699,0.0037004,0.028881799,0.078465201,0.2453109,0.34387359,0.7614696,1.210582,1.720106,2.703088,3.872781,0.69093335,0.34017318,0.35076019,-0.24183932,-0.066219494,-0.022691216,-0.012910896,-0.0073046852,518169.0,-0.0205223,0.6497854,-0.1500324,10.41765,-0.063814446,10.35073,-2.201009,-1.603936,-1.090677,-0.60430872,-0.46648961,-0.16007,-0.062640801,-0.0061865002,0.048084602,0.1386099,0.39789271,0.5201773,0.99380738,1.487619,2.064847,3.3069079,4.5602951,1.124486,0.52636379,0.59812224
ITA,2011,All genders,25-55,4.312974,12.090134,18.288301,24.079466,42.181519,24.861435,26.732237,16.760611,5.4720001,3.3175771,0.90694523,0.64909494,0.37579584,-3.0160167,-2.9994881,798415.0,9.7346554,0.91804838,-0.38210425,4.0132899,6.7520542,7.3806629,7.850667,8.4792757,8.6979647,9.354744,9.7352076,9.9608803,10.11069,10.28208,10.53908,10.62326,10.87109,11.10233,11.42254,12.1759,12.26548,2.1439838,0.66237926,1.4816046,798415.0,-0.00000000152,0.88213551,-0.34310517,4.0807276,-2.9204221,-2.299932,-1.8031991,-1.185348,-0.97163308,-0.32480761,-0.0130443,0.187824,0.3641651,0.5473305,0.78915232,0.85942417,1.063007,1.2590261,1.529712,2.1620369,2.4914701,2.0447721,0.67160016,1.373172,0.70778275,0.6346451,0.60605192,0.56526953,0.53831697,723761.0,0.00000000066400002,0.68895799,-0.19633763,3.8264856,-2.182827,-1.670871,-1.264398,-0.85917401,-0.72786868,-0.3144424,-0.0791701,0.090592399,0.2496822,0.4202984,0.65801221,0.72861588,0.94095588,1.140604,1.413819,2.043756,2.359602,1.5877899,0.6380235,0.9497664,674177.0,-0.020372801,0.50525272,-0.3808454,13.44167,-0.15249656,17.223518,-1.838122,-1.298726,-0.83907747,-0.40239209,-0.28617451,-0.075837702,-0.0228568,0.0029692999,0.0249738,0.065956898,0.2114238,0.3010571,0.69257492,1.143476,1.656332,2.675139,3.837332,0.70344919,0.29808781,0.40536138,-0.20998752,-0.090442561,-0.019487614,-0.013689758,-0.0080185737,520402.0,-0.0251895,0.64436328,0.099533901,10.81004,0.0019806754,10.47302,-2.138541,-1.547279,-1.034739,-0.57648963,-0.45023361,-0.17435651,-0.081521802,-0.0268318,0.025251299,0.117257,0.39587691,0.52500772,1.010242,1.506795,2.108438,3.5032029,4.631536,1.1014974,0.55183953,0.54965782
ITA,2012,All genders,25-55,4.1971684,11.796947,18.297516,24.302969,42.323174,24.401442,26.767197,16.814495,5.4574857,3.2979906,0.91244841,0.59807467,0.37994561,-3.0675652,-3.0383317,781393.0,9.6992579,0.92844188,-0.38190424,3.9106102,6.7220941,7.3507018,7.7781458,8.4268417,8.6499853,9.3060913,9.6925077,9.9309187,10.08507,10.25942,10.52039,10.60366,10.84721,11.0788,11.39258,12.13318,12.24954,2.1768179,0.67274094,1.504077,781393.0,0.000000000115,0.89228731,-0.34647208,3.9788725,-2.921376,-2.3198149,-1.822763,-1.207804,-0.99267912,-0.34232491,-0.0141849,0.194602,0.3730998,0.55953783,0.80425203,0.87527817,1.075639,1.268582,1.540213,2.165123,2.537071,2.0830822,0.68067616,1.402406,0.72067803,0.64557159,0.60583335,0.58318758,0.54800016,709980.0,0.00000000045599999,0.69994807,-0.20619771,3.8282135,-2.244379,-1.709384,-1.28547,-0.87356597,-0.74000102,-0.31660399,-0.076902002,0.097135402,0.25773469,0.42880481,0.66621822,0.73595691,0.94461131,1.1442,1.41717,2.040045,2.363735,1.6095228,0.63882148,0.9707014,657886.0,-0.0311002,0.5050019,-0.3005372,13.23881,-0.13870035,17.593557,-1.8340909,-1.305761,-0.8478806,-0.4082894,-0.29049629,-0.087024704,-0.036407702,-0.0110486,0.0109028,0.051894501,0.20015579,0.28941971,0.6887604,1.138322,1.668735,2.7144649,3.7466459,0.69770908,0.30046833,0.39724082,-0.19803298,-0.080867618,-0.016328819,-0.01215153,-0.013913354,,,,,,,,,,,,,,,,,,,,,,,,,,,
ITA,2013,All genders,25-55,4.1785626,11.765816,18.281199,24.227245,42.46384,24.326397,26.778395,16.69961,5.4218717,3.2571082,0.91363627,0.60213029,0.37950683,-3.09919,-3.0875866,760884.0,9.7015467,0.91556323,-0.37985694,3.8293135,6.9331121,7.4031148,7.849402,8.4371891,8.6378593,9.3033552,9.6867723,9.9288425,10.09011,10.26174,10.51663,10.59923,10.84313,11.07307,11.38513,12.12607,12.25123,2.1620407,0.67038727,1.4916534,760884.0,0.00000000044699999,0.88018698,-0.35180703,3.8846998,-2.8114431,-2.260833,-1.793421,-1.2103291,-0.99704528,-0.35104549,-0.017046999,0.1940058,0.37137291,0.55581248,0.79853702,0.86738598,1.068993,1.262038,1.529937,2.171396,2.4999609,2.0777149,0.6733802,1.4043349,0.73081899,0.66001105,0.61779886,0.58472878,0.56804502,695545.0,0.000000000911,0.70199257,-0.21380413,3.7720037,-2.219085,-1.711054,-1.3035949,-0.88672608,-0.75177127,-0.3230871,-0.077137403,0.1005752,0.26115939,0.4342767,0.67024672,0.74006242,0.94538641,1.145725,1.4171931,2.041806,2.37111,1.6267885,0.63948721,0.98730129,648054.0,-0.0100369,0.49041781,-0.1583222,13.9038,-0.016382035,18.176004,-1.748562,-1.2040811,-0.75336552,-0.34552431,-0.2416705,-0.069842897,-0.0286119,-0.0089924997,0.014343,0.060297702,0.22055531,0.31669089,0.72196698,1.161355,1.670715,2.7023399,3.8117011,0.66221523,0.32568339,0.33653182,-0.20160942,-0.076672107,-0.022816384,-0.01081389,-0.010966325,,,,,,,,,,,,,,,,,,,,,,,,,,,
ITA,2014,All genders,25-55,4.2169771,11.544559,18.439919,24.343353,42.362961,24.289846,26.828163,16.723642,5.4104519,3.2423973,0.92178535,0.57348692,0.3805992,-3.1232622,-3.1032102,752278.0,9.7016344,0.90922022,-0.37822822,3.7814648,6.9307041,7.4007082,7.8469939,8.4347811,8.65347,9.2915583,9.6779747,9.9264364,10.0877,10.26291,10.51976,10.59938,10.84472,11.07384,11.38969,12.11976,12.261,2.1645985,0.67294312,1.4916553,752278.0,-0.00000000146,0.87250513,-0.34070399,3.8305888,-2.770046,-2.2356801,-1.772665,-1.193107,-0.98876917,-0.35936841,-0.0250379,0.1887856,0.3675538,0.55378938,0.79821062,0.8683362,1.068388,1.262252,1.5331219,2.1583371,2.5062571,2.0614433,0.67955059,1.3818926,0.73100865,0.66530395,0.6276114,0.59288293,0.5692274,685719.0,-0.00000000066599998,0.70252168,-0.22184885,3.6979146,-2.1823831,-1.696139,-1.305384,-0.90103102,-0.76590371,-0.3311621,-0.077617303,0.1040921,0.2649301,0.43792489,0.67427409,0.74421853,0.94738889,1.147879,1.4177181,2.041662,2.373867,1.6452496,0.64012641,1.0051231,633349.0,0.0107941,0.49299011,0.0056679999,13.47037,0.062617309,18.618851,-1.710445,-1.168074,-0.71532798,-0.30986291,-0.21273731,-0.055987999,-0.018629801,0.0016561,0.0250283,0.072535999,0.2514126,0.35479411,0.77275163,1.224895,1.723953,2.742116,3.771543,0.664657,0.35313803,0.311519,-0.2092106,-0.076344527,-0.02152987,-0.015902072,-0.012669925,,,,,,,,,,,,,,,,,,,,,,,,,,,
ITA,2015,All genders,25-55,4.1953368,11.451808,18.338364,24.351135,42.55373,23.860399,26.829702,16.717295,5.3590951,3.1965511,0.91831392,0.54130727,0.38308442,-3.1958513,-3.15172,745966.0,9.7047319,0.90473402,-0.37179035,3.6661685,7.0256262,7.4609442,7.885828,8.4343929,8.6350641,9.2816916,9.6646833,9.9260483,10.09579,10.26964,10.52763,10.60915,10.85229,11.08293,11.39967,12.09682,12.27265,2.174757,0.68310165,1.4916553,745966.0,0.000000000438,0.86669773,-0.33395311,3.7407389,-2.675339,-2.2107911,-1.761988,-1.192935,-0.99618411,-0.37297389,-0.031532001,0.1852103,0.3674891,0.55682641,0.80296731,0.87332249,1.074769,1.267349,1.536702,2.1537049,2.510623,2.0662575,0.6881122,1.3781453,0.72253793,0.66068864,0.6291132,0.60166216,0.57229292,668683.0,0.00000000082599999,0.69852448,-0.22243693,3.6152546,-2.138736,-1.672722,-1.298527,-0.90622342,-0.7734462,-0.34055179,-0.080197401,0.1032257,0.26557699,0.44011739,0.67599517,0.74531227,0.94803357,1.149596,1.422171,2.033756,2.3697751,1.6515357,0.64208657,1.0094491,639531.0,0.017661,0.50713021,0.4237999,12.77786,0.22537813,17.484772,-1.6498801,-1.113169,-0.66297179,-0.29039481,-0.2068783,-0.076087497,-0.038524501,-0.016589399,0.0082125003,0.064336702,0.2940965,0.41654471,0.87682289,1.342116,1.858253,2.7689331,3.8135221,0.70693952,0.43313411,0.27380541,-0.19848415,-0.075946659,-0.02679776,-0.013915444,-0.015174643,,,,,,,,,,,,,,,,,,,,,,,,,,,
ITA,2016,All genders,25-55,4.3922529,11.782283,18.504084,24.047937,42.213818,24.340141,26.635014,16.608282,5.3085346,3.8705902,0.91163677,0.48941559,0.37659976,-3.2208865,-3.1860342,762620.0,9.7235231,0.88455421,-0.36057344,3.7485852,7.026567,7.519043,7.924509,8.4998732,8.7062092,9.3200197,9.6849174,9.9319763,10.10094,10.27058,10.52583,10.60502,10.84926,11.0823,11.39946,12.09261,12.27979,2.1051464,0.67304325,1.4321032,762620.0,0.000000000423,0.84704292,-0.32284927,3.8355234,-2.653826,-2.172121,-1.719241,-1.152634,-0.9555524,-0.35579741,-0.033649001,0.17409541,0.35169399,0.53696293,0.78328967,0.85323232,1.055776,1.252082,1.5190279,2.1390979,2.479573,2.0058663,0.67913693,1.3267294,0.70586717,0.65030873,0.61865515,0.59678423,0.576922,680034.0,0.00000000069900002,0.69091868,-0.21106394,3.5557165,-2.093003,-1.639002,-1.272258,-0.89506191,-0.76763397,-0.3473759,-0.087370597,0.097917303,0.26288021,0.43745241,0.6752708,0.74478418,0.94904739,1.151625,1.424822,2.0297229,2.3690951,1.6398461,0.64686686,0.99297923,,,,,,,,,,,,,,,,,,,,,,,,,,,,-0.21281792,-0.068458743,-0.028104903,-0.016884573,-0.011377544,,,,,,,,,,,,,,,,,,,,,,,,,,,
